mine_id,sample_id,latitude,longitude,depth_m,lithology,mn_grade,assay_confidence,lineament_distance,terrain_score,spectral_signal,prospectivity_label,depth_zone,grade_anomaly,lineament_proximity_score
tirodi,EXP-TIR-0044,21.70177,79.69457,181,Basement Gneiss,26.6,0.74,442.4,0.86,0.479,MEDIUM PROSPECT (UNFC-122 Probable),Zone-2_GonditeReef,-1.3,0.779
balaghat,EXP-BAL-0073,21.81726,80.19122,246,Basement Gneiss,31.8,0.78,187.5,0.65,0.561,MEDIUM PROSPECT (UNFC-122 Probable),Zone-3_Breccia,0.1,0.906
balaghat,EXP-BAL-0053,21.81704,80.19793,57,Basement Gneiss,27.3,0.74,801.4,0.92,0.426,LOW PROSPECT (UNFC-333 Reconnaissance),Zone-1_Schist,-4.4,0.599
tirodi,EXP-TIR-0032,21.7108,79.69102,59,Mansar Gondite Horizon,33.1,0.91,1108.3,0.93,0.674,MEDIUM PROSPECT (UNFC-122 Probable),Zone-1_Schist,5.2,0.446
dongri-buzurg,EXP-DON-0014,21.56551,79.71507,110,Quartzite Schist,41.5,0.85,74.2,0.66,0.699,HIGH PROSPECT (UNFC-111 Proved),Zone-2_GonditeReef,9.6,0.963
balaghat,EXP-BAL-0100,21.8167,80.16188,204,Mansar Gondite Horizon,39.8,0.93,861.8,0.76,0.769,MEDIUM PROSPECT (UNFC-122 Probable),Zone-2_GonditeReef,8.1,0.569
dongri-buzurg,EXP-DON-0055,21.55625,79.72346,328,Basement Gneiss,21.4,0.72,1644.7,0.96,0.366,LOW PROSPECT (UNFC-333 Reconnaissance),Zone-4_Basement,-10.5,0.178
dongri-buzurg,EXP-DON-0010,21.55138,79.7053,327,Basement Gneiss,26.3,0.76,621.7,0.68,0.433,MEDIUM PROSPECT (UNFC-122 Probable),Zone-4_Basement,-5.6,0.689
tirodi,EXP-TIR-0081,21.68788,79.69123,211,Basement Gneiss,22.2,0.73,1416.4,0.93,0.341,LOW PROSPECT (UNFC-333 Reconnaissance),Zone-2_GonditeReef,-5.7,0.292
balaghat,EXP-BAL-0028,21.79071,80.19581,99,Basement Gneiss,29.2,0.79,522.5,0.86,0.553,MEDIUM PROSPECT (UNFC-122 Probable),Zone-1_Schist,-2.5,0.739
ukwa,EXP-UKW-0004,21.96218,80.47889,246,Basement Gneiss,25.7,0.73,594.9,0.78,0.39,LOW PROSPECT (UNFC-333 Reconnaissance),Zone-3_Breccia,-5.8,0.703
tirodi,EXP-TIR-0064,21.67427,79.69079,69,Mansar Gondite Horizon,34.1,0.92,1168.9,0.84,0.778,MEDIUM PROSPECT (UNFC-122 Probable),Zone-1_Schist,6.2,0.416
balaghat,EXP-BAL-0096,21.80565,80.17814,301,Basement Gneiss,27.0,0.74,542.5,0.79,0.488,MEDIUM PROSPECT (UNFC-122 Probable),Zone-4_Basement,-4.7,0.729
balaghat,EXP-BAL-0015,21.81117,80.20377,278,Basement Gneiss,27.3,0.74,704.8,0.95,0.486,MEDIUM PROSPECT (UNFC-122 Probable),Zone-3_Breccia,-4.4,0.648
gumgaon,EXP-GUM-0092,21.4059,79.001,295,Basement Gneiss,23.5,0.75,1275.5,0.9,0.384,LOW PROSPECT (UNFC-333 Reconnaissance),Zone-4_Basement,-5.7,0.362
dongri-buzurg,EXP-DON-0071,21.55002,79.73172,34,Mansar Gondite Horizon,37.2,0.92,1737.9,0.94,0.712,MEDIUM PROSPECT (UNFC-122 Probable),Zone-0_Overburden,5.3,0.131
balaghat,EXP-BAL-0092,21.78209,80.17703,67,Basement Gneiss,23.2,0.75,1463.5,0.73,0.387,LOW PROSPECT (UNFC-333 Reconnaissance),Zone-1_Schist,-8.5,0.268
ukwa,EXP-UKW-0024,21.95834,80.45972,184,Basement Gneiss,25.1,0.79,1653.1,0.83,0.416,LOW PROSPECT (UNFC-333 Reconnaissance),Zone-2_GonditeReef,-6.4,0.173
gumgaon,EXP-GUM-0050,21.39665,79.0178,84,Quartzite Schist,34.1,0.84,44.5,0.83,0.765,HIGH PROSPECT (UNFC-111 Proved),Zone-1_Schist,4.9,0.978
ukwa,EXP-UKW-0001,21.95629,80.46364,240,Basement Gneiss,23.0,0.76,1508.4,0.77,0.332,LOW PROSPECT (UNFC-333 Reconnaissance),Zone-3_Breccia,-8.5,0.246
dongri-buzurg,EXP-DON-0022,21.54528,79.72807,106,Quartzite Schist,37.1,0.88,865.1,0.97,0.677,MEDIUM PROSPECT (UNFC-122 Probable),Zone-1_Schist,5.2,0.567
tirodi,EXP-TIR-0008,21.67847,79.72219,325,Basement Gneiss,26.0,0.72,480.0,0.74,0.442,MEDIUM PROSPECT (UNFC-122 Probable),Zone-4_Basement,-1.9,0.76
ukwa,EXP-UKW-0050,21.95498,80.44368,301,Basement Gneiss,21.1,0.75,1749.4,0.66,0.34,LOW PROSPECT (UNFC-333 Reconnaissance),Zone-4_Basement,-10.4,0.125
ukwa,EXP-UKW-0012,21.96372,80.47817,27,Basement Gneiss,28.8,0.75,697.3,0.86,0.52,MEDIUM PROSPECT (UNFC-122 Probable),Zone-0_Overburden,-2.7,0.651
dongri-buzurg,EXP-DON-0068,21.56753,79.70352,182,Basement Gneiss,26.7,0.72,1002.8,0.83,0.449,LOW PROSPECT (UNFC-333 Reconnaissance),Zone-2_GonditeReef,-5.2,0.499
gumgaon,EXP-GUM-0044,21.4008,79.03007,291,Basement Gneiss,22.9,0.74,1670.0,0.9,0.325,LOW PROSPECT (UNFC-333 Reconnaissance),Zone-4_Basement,-6.3,0.165
gumgaon,EXP-GUM-0056,21.37671,79.02624,247,Basement Gneiss,28.1,0.73,433.3,0.8,0.469,MEDIUM PROSPECT (UNFC-122 Probable),Zone-3_Breccia,-1.1,0.783
gumgaon,EXP-GUM-0014,21.36301,79.01511,326,Basement Gneiss,25.9,0.74,345.3,0.72,0.488,MEDIUM PROSPECT (UNFC-122 Probable),Zone-4_Basement,-3.3,0.827
balaghat,EXP-BAL-0094,21.82775,80.16641,255,Basement Gneiss,28.2,0.78,796.3,0.84,0.478,MEDIUM PROSPECT (UNFC-122 Probable),Zone-3_Breccia,-3.5,0.602
ukwa,EXP-UKW-0003,21.95589,80.45582,161,Quartzite Schist,35.0,0.84,495.4,0.97,0.639,MEDIUM PROSPECT (UNFC-122 Probable),Zone-2_GonditeReef,3.5,0.752
dongri-buzurg,EXP-DON-0034,21.53307,79.74262,330,Basement Gneiss,26.8,0.75,891.2,0.93,0.41,LOW PROSPECT (UNFC-333 Reconnaissance),Zone-4_Basement,-5.1,0.554
tirodi,EXP-TIR-0009,21.69319,79.71533,61,Mansar Gondite Horizon,29.1,0.89,1462.4,0.77,0.63,LOW PROSPECT (UNFC-333 Reconnaissance),Zone-1_Schist,1.2,0.269
dongri-buzurg,EXP-DON-0011,21.54331,79.72617,46,Mansar Gondite Horizon,45.9,0.94,465.3,0.95,0.834,HIGH PROSPECT (UNFC-111 Proved),Zone-0_Overburden,14.0,0.767
gumgaon,EXP-GUM-0062,21.38415,78.99367,50,Basement Gneiss,31.3,0.78,35.5,0.79,0.559,MEDIUM PROSPECT (UNFC-122 Probable),Zone-1_Schist,2.1,0.982
dongri-buzurg,EXP-DON-0059,21.53951,79.71897,76,Mansar Gondite Horizon,46.8,0.95,640.6,0.72,0.891,HIGH PROSPECT (UNFC-111 Proved),Zone-1_Schist,14.9,0.68
tirodi,EXP-TIR-0003,21.67,79.69484,331,Basement Gneiss,21.5,0.74,1258.0,0.71,0.364,LOW PROSPECT (UNFC-333 Reconnaissance),Zone-4_Basement,-6.4,0.371
ukwa,EXP-UKW-0082,21.9496,80.46492,135,Mansar Gondite Horizon,40.7,0.93,329.1,0.95,0.867,HIGH PROSPECT (UNFC-111 Proved),Zone-2_GonditeReef,9.2,0.835
balaghat,EXP-BAL-0051,21.81625,80.20037,113,Basement Gneiss,29.9,0.83,946.2,0.92,0.548,MEDIUM PROSPECT (UNFC-122 Probable),Zone-2_GonditeReef,-1.8,0.527
dongri-buzurg,EXP-DON-0090,21.56011,79.74363,240,Basement Gneiss,28.4,0.74,388.5,0.94,0.539,MEDIUM PROSPECT (UNFC-122 Probable),Zone-3_Breccia,-3.5,0.806
dongri-buzurg,EXP-DON-0092,21.55076,79.70173,232,Basement Gneiss,25.9,0.75,1029.3,0.94,0.394,LOW PROSPECT (UNFC-333 Reconnaissance),Zone-3_Breccia,-6.0,0.485
balaghat,EXP-BAL-0097,21.80263,80.17527,260,Basement Gneiss,26.4,0.76,1150.6,0.95,0.376,LOW PROSPECT (UNFC-333 Reconnaissance),Zone-3_Breccia,-5.3,0.425
dongri-buzurg,EXP-DON-0091,21.51972,79.74295,242,Basement Gneiss,28.4,0.74,559.3,0.87,0.416,MEDIUM PROSPECT (UNFC-122 Probable),Zone-3_Breccia,-3.5,0.72
tirodi,EXP-TIR-0023,21.69007,79.68871,199,Basement Gneiss,23.7,0.74,1413.0,0.93,0.413,LOW PROSPECT (UNFC-333 Reconnaissance),Zone-2_GonditeReef,-4.2,0.294
balaghat,EXP-BAL-0079,21.78553,80.18324,89,Basement Gneiss,26.8,0.74,491.8,0.88,0.496,MEDIUM PROSPECT (UNFC-122 Probable),Zone-1_Schist,-4.9,0.754
balaghat,EXP-BAL-0032,21.8272,80.20594,141,Mansar Gondite Horizon,37.9,0.92,889.9,0.97,0.732,MEDIUM PROSPECT (UNFC-122 Probable),Zone-2_GonditeReef,6.2,0.555
dongri-buzurg,EXP-DON-0056,21.56506,79.73079,46,Mansar Gondite Horizon,39.3,0.96,1519.1,0.67,0.773,MEDIUM PROSPECT (UNFC-122 Probable),Zone-0_Overburden,7.4,0.24
balaghat,EXP-BAL-0052,21.80013,80.1788,269,Basement Gneiss,25.7,0.75,1092.9,0.93,0.429,LOW PROSPECT (UNFC-333 Reconnaissance),Zone-3_Breccia,-6.0,0.454
ukwa,EXP-UKW-0093,21.959,80.44595,164,Quartzite Schist,30.7,0.87,1088.2,0.93,0.568,MEDIUM PROSPECT (UNFC-122 Probable),Zone-2_GonditeReef,-0.8,0.456
balaghat,EXP-BAL-0008,21.7893,80.16246,127,Quartzite Schist,36.2,0.85,247.5,0.92,0.648,MEDIUM PROSPECT (UNFC-122 Probable),Zone-2_GonditeReef,4.5,0.876
tirodi,EXP-TIR-0041,21.6743,79.71302,333,Basement Gneiss,25.9,0.72,853.3,0.86,0.366,LOW PROSPECT (UNFC-333 Reconnaissance),Zone-4_Basement,-2.0,0.573
balaghat,EXP-BAL-0031,21.78926,80.19632,113,Basement Gneiss,31.8,0.82,634.8,0.71,0.567,MEDIUM PROSPECT (UNFC-122 Probable),Zone-2_GonditeReef,0.1,0.683
gumgaon,EXP-GUM-0001,21.40015,79.01396,123,Mansar Gondite Horizon,42.1,0.97,67.8,0.74,0.95,HIGH PROSPECT (UNFC-111 Proved),Zone-2_GonditeReef,12.9,0.966
ukwa,EXP-UKW-0010,21.98988,80.46195,289,Basement Gneiss,26.8,0.72,260.0,0.97,0.498,MEDIUM PROSPECT (UNFC-122 Probable),Zone-3_Breccia,-4.7,0.87
gumgaon,EXP-GUM-0026,21.36307,79.02604,169,Mansar Gondite Horizon,32.4,0.87,1100.9,0.97,0.664,MEDIUM PROSPECT (UNFC-122 Probable),Zone-2_GonditeReef,3.2,0.45
ukwa,EXP-UKW-0083,21.95657,80.45238,100,Mansar Gondite Horizon,41.7,0.97,746.6,0.8,0.843,MEDIUM PROSPECT (UNFC-122 Probable),Zone-1_Schist,10.2,0.627
dongri-buzurg,EXP-DON-0085,21.52849,79.702,109,Quartzite Schist,32.3,0.85,1676.0,0.96,0.569,LOW PROSPECT (UNFC-333 Reconnaissance),Zone-1_Schist,0.4,0.162
dongri-buzurg,EXP-DON-0040,21.52372,79.71413,115,Quartzite Schist,33.1,0.83,1052.4,0.66,0.56,MEDIUM PROSPECT (UNFC-122 Probable),Zone-2_GonditeReef,1.2,0.474
gumgaon,EXP-GUM-0089,21.39266,79.03392,299,Basement Gneiss,24.9,0.73,1132.0,0.87,0.406,LOW PROSPECT (UNFC-333 Reconnaissance),Zone-4_Basement,-4.3,0.434
balaghat,EXP-BAL-0021,21.79789,80.19182,224,Quartzite Schist,37.3,0.84,105.4,0.93,0.675,MEDIUM PROSPECT (UNFC-122 Probable),Zone-3_Breccia,5.6,0.947
balaghat,EXP-BAL-0013,21.78077,80.16559,34,Basement Gneiss,26.9,0.76,896.4,0.82,0.368,LOW PROSPECT (UNFC-333 Reconnaissance),Zone-0_Overburden,-4.8,0.552
balaghat,EXP-BAL-0098,21.80668,80.20552,221,Quartzite Schist,38.0,0.87,372.5,0.7,0.648,MEDIUM PROSPECT (UNFC-122 Probable),Zone-3_Breccia,6.3,0.814
ukwa,EXP-UKW-0076,21.95182,80.48957,80,Mansar Gondite Horizon,39.4,0.91,459.5,0.81,0.816,HIGH PROSPECT (UNFC-111 Proved),Zone-1_Schist,7.9,0.77
tirodi,EXP-TIR-0029,21.67679,79.72485,322,Basement Gneiss,24.5,0.74,546.7,0.97,0.446,MEDIUM PROSPECT (UNFC-122 Probable),Zone-4_Basement,-3.4,0.727
ukwa,EXP-UKW-0014,21.95272,80.45554,102,Mansar Gondite Horizon,39.9,0.97,873.7,0.89,0.836,MEDIUM PROSPECT (UNFC-122 Probable),Zone-1_Schist,8.4,0.563
gumgaon,EXP-GUM-0036,21.38592,78.99451,257,Basement Gneiss,23.0,0.72,1559.5,0.66,0.399,LOW PROSPECT (UNFC-333 Reconnaissance),Zone-3_Breccia,-6.2,0.22
gumgaon,EXP-GUM-0037,21.39582,78.9906,47,Basement Gneiss,27.9,0.76,832.0,0.75,0.44,LOW PROSPECT (UNFC-333 Reconnaissance),Zone-0_Overburden,-1.3,0.584
ukwa,EXP-UKW-0084,21.94972,80.46636,160,Quartzite Schist,37.7,0.85,178.1,0.92,0.705,MEDIUM PROSPECT (UNFC-122 Probable),Zone-2_GonditeReef,6.2,0.911
gumgaon,EXP-GUM-0100,21.38217,79.01735,223,Basement Gneiss,28.8,0.75,194.4,0.73,0.563,MEDIUM PROSPECT (UNFC-122 Probable),Zone-3_Breccia,-0.4,0.903
gumgaon,EXP-GUM-0058,21.40666,79.01913,157,Mansar Gondite Horizon,35.2,0.92,1281.0,0.69,0.758,MEDIUM PROSPECT (UNFC-122 Probable),Zone-2_GonditeReef,6.0,0.36
balaghat,EXP-BAL-0095,21.78649,80.19996,88,Basement Gneiss,28.2,0.77,596.7,0.92,0.471,MEDIUM PROSPECT (UNFC-122 Probable),Zone-1_Schist,-3.5,0.702
balaghat,EXP-BAL-0089,21.82035,80.1731,78,Basement Gneiss,28.0,0.75,609.8,0.83,0.478,MEDIUM PROSPECT (UNFC-122 Probable),Zone-1_Schist,-3.7,0.695
gumgaon,EXP-GUM-0045,21.4021,79.02342,269,Basement Gneiss,24.6,0.76,1183.4,0.83,0.348,LOW PROSPECT (UNFC-333 Reconnaissance),Zone-3_Breccia,-4.6,0.408
ukwa,EXP-UKW-0049,21.98004,80.45139,52,Basement Gneiss,34.4,0.79,35.6,0.79,0.599,MEDIUM PROSPECT (UNFC-122 Probable),Zone-1_Schist,2.9,0.982
tirodi,EXP-TIR-0085,21.68913,79.68373,331,Basement Gneiss,25.6,0.73,190.6,0.75,0.467,MEDIUM PROSPECT (UNFC-122 Probable),Zone-4_Basement,-2.3,0.905
ukwa,EXP-UKW-0058,21.97448,80.48222,250,Basement Gneiss,27.2,0.75,475.7,0.8,0.44,MEDIUM PROSPECT (UNFC-122 Probable),Zone-3_Breccia,-4.3,0.762
ukwa,EXP-UKW-0080,21.98426,80.4818,80,Mansar Gondite Horizon,34.4,0.92,1521.1,0.72,0.608,MEDIUM PROSPECT (UNFC-122 Probable),Zone-1_Schist,2.9,0.239
tirodi,EXP-TIR-0047,21.68101,79.69452,290,Basement Gneiss,26.4,0.74,66.3,0.94,0.533,MEDIUM PROSPECT (UNFC-122 Probable),Zone-3_Breccia,-1.5,0.967
tirodi,EXP-TIR-0061,21.70793,79.72016,270,Basement Gneiss,21.6,0.72,1757.2,0.75,0.262,LOW PROSPECT (UNFC-333 Reconnaissance),Zone-3_Breccia,-6.3,0.121
balaghat,EXP-BAL-0043,21.80722,80.19079,157,Mansar Gondite Horizon,40.8,0.94,832.3,0.9,0.8,MEDIUM PROSPECT (UNFC-122 Probable),Zone-2_GonditeReef,9.1,0.584
gumgaon,EXP-GUM-0059,21.40199,79.00619,205,Basement Gneiss,26.0,0.77,1334.1,0.77,0.394,LOW PROSPECT (UNFC-333 Reconnaissance),Zone-2_GonditeReef,-3.2,0.333
balaghat,EXP-BAL-0044,21.7853,80.1625,37,Basement Gneiss,27.5,0.72,687.3,0.81,0.448,MEDIUM PROSPECT (UNFC-122 Probable),Zone-0_Overburden,-4.2,0.656
dongri-buzurg,EXP-DON-0050,21.53559,79.7303,203,Basement Gneiss,29.9,0.75,0.9,0.91,0.528,MEDIUM PROSPECT (UNFC-122 Probable),Zone-2_GonditeReef,-2.0,1.0
ukwa,EXP-UKW-0016,21.96921,80.45201,219,Basement Gneiss,25.7,0.73,1178.1,0.82,0.418,LOW PROSPECT (UNFC-333 Reconnaissance),Zone-2_GonditeReef,-5.8,0.411
balaghat,EXP-BAL-0035,21.81435,80.19532,138,Mansar Gondite Horizon,39.2,0.91,255.2,0.92,0.795,HIGH PROSPECT (UNFC-111 Proved),Zone-2_GonditeReef,7.5,0.872
balaghat,EXP-BAL-0082,21.81687,80.16203,104,Basement Gneiss,29.8,0.79,827.3,0.82,0.52,MEDIUM PROSPECT (UNFC-122 Probable),Zone-1_Schist,-1.9,0.586
balaghat,EXP-BAL-0078,21.8032,80.19358,79,Basement Gneiss,26.9,0.73,651.4,0.71,0.443,MEDIUM PROSPECT (UNFC-122 Probable),Zone-1_Schist,-4.8,0.674
tirodi,EXP-TIR-0006,21.68026,79.70637,300,Basement Gneiss,24.8,0.73,823.8,0.98,0.476,LOW PROSPECT (UNFC-333 Reconnaissance),Zone-4_Basement,-3.1,0.588
tirodi,EXP-TIR-0088,21.7081,79.72133,335,Basement Gneiss,28.4,0.75,87.6,0.84,0.482,MEDIUM PROSPECT (UNFC-122 Probable),Zone-4_Basement,0.5,0.956
dongri-buzurg,EXP-DON-0030,21.53994,79.70872,283,Basement Gneiss,24.0,0.74,1566.3,0.74,0.355,LOW PROSPECT (UNFC-333 Reconnaissance),Zone-3_Breccia,-7.9,0.217
gumgaon,EXP-GUM-0051,21.39805,78.98877,259,Basement Gneiss,24.4,0.73,758.8,0.7,0.384,LOW PROSPECT (UNFC-333 Reconnaissance),Zone-3_Breccia,-4.8,0.621
ukwa,EXP-UKW-0032,21.94777,80.47228,61,Quartzite Schist,28.4,0.82,1632.8,0.88,0.475,LOW PROSPECT (UNFC-333 Reconnaissance),Zone-1_Schist,-3.1,0.184
dongri-buzurg,EXP-DON-0038,21.51926,79.74014,191,Basement Gneiss,27.7,0.75,877.1,0.81,0.399,LOW PROSPECT (UNFC-333 Reconnaissance),Zone-2_GonditeReef,-4.2,0.561
balaghat,EXP-BAL-0042,21.79201,80.18766,250,Basement Gneiss,28.4,0.79,1152.3,0.97,0.414,LOW PROSPECT (UNFC-333 Reconnaissance),Zone-3_Breccia,-3.3,0.424
dongri-buzurg,EXP-DON-0051,21.56073,79.73976,248,Basement Gneiss,30.7,0.74,90.4,0.87,0.515,MEDIUM PROSPECT (UNFC-122 Probable),Zone-3_Breccia,-1.2,0.955
tirodi,EXP-TIR-0100,21.68065,79.71206,130,Mansar Gondite Horizon,36.2,0.91,239.9,0.67,0.765,MEDIUM PROSPECT (UNFC-122 Probable),Zone-2_GonditeReef,8.3,0.88
gumgaon,EXP-GUM-0085,21.36503,78.99899,69,Basement Gneiss,24.6,0.82,1652.1,0.9,0.442,LOW PROSPECT (UNFC-333 Reconnaissance),Zone-1_Schist,-4.6,0.174
ukwa,EXP-UKW-0037,21.98709,80.45217,46,Basement Gneiss,30.0,0.81,821.3,0.83,0.504,MEDIUM PROSPECT (UNFC-122 Probable),Zone-0_Overburden,-1.5,0.589
gumgaon,EXP-GUM-0008,21.3921,79.01735,197,Basement Gneiss,25.4,0.79,1296.6,0.85,0.451,LOW PROSPECT (UNFC-333 Reconnaissance),Zone-2_GonditeReef,-3.8,0.352
dongri-buzurg,EXP-DON-0054,21.56726,79.72799,106,Quartzite Schist,36.6,0.86,1496.7,0.91,0.621,MEDIUM PROSPECT (UNFC-122 Probable),Zone-1_Schist,4.7,0.252
tirodi,EXP-TIR-0018,21.66659,79.70148,123,Mansar Gondite Horizon,35.3,0.91,1006.3,0.77,0.774,MEDIUM PROSPECT (UNFC-122 Probable),Zone-2_GonditeReef,7.4,0.497
tirodi,EXP-TIR-0076,21.67744,79.70089,314,Basement Gneiss,23.8,0.75,1657.0,0.78,0.311,LOW PROSPECT (UNFC-333 Reconnaissance),Zone-4_Basement,-4.1,0.172
tirodi,EXP-TIR-0070,21.67285,79.72857,338,Basement Gneiss,26.3,0.74,462.2,0.79,0.411,MEDIUM PROSPECT (UNFC-122 Probable),Zone-4_Basement,-1.6,0.769
gumgaon,EXP-GUM-0052,21.40383,79.03682,141,Mansar Gondite Horizon,38.1,0.97,848.0,0.94,0.9,MEDIUM PROSPECT (UNFC-122 Probable),Zone-2_GonditeReef,8.9,0.576
ukwa,EXP-UKW-0099,21.96664,80.457,212,Basement Gneiss,25.6,0.75,990.1,0.69,0.384,LOW PROSPECT (UNFC-333 Reconnaissance),Zone-2_GonditeReef,-5.9,0.505
gumgaon,EXP-GUM-0041,21.39994,79.00164,333,Basement Gneiss,27.5,0.75,673.8,0.9,0.479,MEDIUM PROSPECT (UNFC-122 Probable),Zone-4_Basement,-1.7,0.663
balaghat,EXP-BAL-0040,21.82829,80.18602,126,Quartzite Schist,34.6,0.83,918.4,0.79,0.592,MEDIUM PROSPECT (UNFC-122 Probable),Zone-2_GonditeReef,2.9,0.541
balaghat,EXP-BAL-0057,21.79705,80.16605,70,Basement Gneiss,27.9,0.73,846.4,0.68,0.446,LOW PROSPECT (UNFC-333 Reconnaissance),Zone-1_Schist,-3.8,0.577
tirodi,EXP-TIR-0092,21.69773,79.71745,296,Basement Gneiss,25.5,0.73,367.7,0.71,0.494,MEDIUM PROSPECT (UNFC-122 Probable),Zone-4_Basement,-2.4,0.816
tirodi,EXP-TIR-0039,21.70273,79.71635,40,Quartzite Schist,28.6,0.82,818.2,0.75,0.58,MEDIUM PROSPECT (UNFC-122 Probable),Zone-0_Overburden,0.7,0.591
gumgaon,EXP-GUM-0013,21.38665,79.00322,129,Mansar Gondite Horizon,41.6,0.98,651.5,0.89,0.908,HIGH PROSPECT (UNFC-111 Proved),Zone-2_GonditeReef,12.4,0.674
gumgaon,EXP-GUM-0027,21.36711,78.99307,120,Mansar Gondite Horizon,40.1,0.97,183.9,0.67,0.934,HIGH PROSPECT (UNFC-111 Proved),Zone-2_GonditeReef,10.9,0.908
tirodi,EXP-TIR-0004,21.67703,79.69135,187,Basement Gneiss,24.9,0.76,809.0,0.91,0.438,LOW PROSPECT (UNFC-333 Reconnaissance),Zone-2_GonditeReef,-3.0,0.595
balaghat,EXP-BAL-0075,21.79933,80.1913,296,Basement Gneiss,30.5,0.74,5.7,0.74,0.512,MEDIUM PROSPECT (UNFC-122 Probable),Zone-4_Basement,-1.2,0.997
balaghat,EXP-BAL-0060,21.80742,80.18141,310,Basement Gneiss,28.5,0.74,35.8,0.65,0.507,MEDIUM PROSPECT (UNFC-122 Probable),Zone-4_Basement,-3.2,0.982
balaghat,EXP-BAL-0093,21.81751,80.18998,173,Mansar Gondite Horizon,45.9,0.99,98.5,0.96,0.895,HIGH PROSPECT (UNFC-111 Proved),Zone-2_GonditeReef,14.2,0.951
tirodi,EXP-TIR-0015,21.68532,79.72092,284,Basement Gneiss,23.3,0.73,1119.9,0.84,0.331,LOW PROSPECT (UNFC-333 Reconnaissance),Zone-3_Breccia,-4.6,0.44
dongri-buzurg,EXP-DON-0065,21.55248,79.71792,88,Mansar Gondite Horizon,43.2,0.93,698.8,0.84,0.788,MEDIUM PROSPECT (UNFC-122 Probable),Zone-1_Schist,11.3,0.651
dongri-buzurg,EXP-DON-0026,21.5551,79.70054,214,Basement Gneiss,25.8,0.73,660.6,0.75,0.419,LOW PROSPECT (UNFC-333 Reconnaissance),Zone-2_GonditeReef,-6.1,0.67
ukwa,EXP-UKW-0078,21.95593,80.45294,82,Mansar Gondite Horizon,37.9,0.93,764.7,0.96,0.723,MEDIUM PROSPECT (UNFC-122 Probable),Zone-1_Schist,6.4,0.618
dongri-buzurg,EXP-DON-0017,21.55431,79.73918,286,Basement Gneiss,24.1,0.73,1123.1,0.72,0.435,LOW PROSPECT (UNFC-333 Reconnaissance),Zone-3_Breccia,-7.8,0.438
gumgaon,EXP-GUM-0009,21.40939,78.99382,243,Basement Gneiss,23.0,0.75,980.3,0.89,0.365,LOW PROSPECT (UNFC-333 Reconnaissance),Zone-3_Breccia,-6.2,0.51
gumgaon,EXP-GUM-0030,21.39668,79.02547,28,Basement Gneiss,23.2,0.74,775.8,0.66,0.421,LOW PROSPECT (UNFC-333 Reconnaissance),Zone-0_Overburden,-6.0,0.612
balaghat,EXP-BAL-0041,21.78077,80.20833,288,Basement Gneiss,29.7,0.73,436.7,0.71,0.445,MEDIUM PROSPECT (UNFC-122 Probable),Zone-3_Breccia,-2.0,0.782
gumgaon,EXP-GUM-0079,21.40286,79.03231,112,Mansar Gondite Horizon,38.8,0.96,311.5,0.95,0.863,HIGH PROSPECT (UNFC-111 Proved),Zone-2_GonditeReef,9.6,0.844
tirodi,EXP-TIR-0072,21.71101,79.70707,332,Basement Gneiss,25.2,0.75,855.7,0.81,0.396,LOW PROSPECT (UNFC-333 Reconnaissance),Zone-4_Basement,-2.7,0.572
dongri-buzurg,EXP-DON-0048,21.53862,79.71503,106,Quartzite Schist,38.0,0.87,1112.8,0.68,0.644,MEDIUM PROSPECT (UNFC-122 Probable),Zone-1_Schist,6.1,0.444
gumgaon,EXP-GUM-0032,21.40222,78.9919,178,Quartzite Schist,33.5,0.85,2.1,0.89,0.707,MEDIUM PROSPECT (UNFC-122 Probable),Zone-2_GonditeReef,4.3,0.999
balaghat,EXP-BAL-0030,21.79915,80.2048,223,Quartzite Schist,34.0,0.85,1268.9,0.84,0.58,MEDIUM PROSPECT (UNFC-122 Probable),Zone-3_Breccia,2.3,0.366
dongri-buzurg,EXP-DON-0009,21.54312,79.71735,313,Basement Gneiss,26.6,0.72,394.2,0.86,0.499,MEDIUM PROSPECT (UNFC-122 Probable),Zone-4_Basement,-5.3,0.803
balaghat,EXP-BAL-0083,21.78486,80.18257,192,Mansar Gondite Horizon,42.2,0.94,630.0,0.77,0.825,HIGH PROSPECT (UNFC-111 Proved),Zone-2_GonditeReef,10.5,0.685
tirodi,EXP-TIR-0040,21.67705,79.72117,317,Basement Gneiss,26.4,0.74,226.1,0.76,0.51,MEDIUM PROSPECT (UNFC-122 Probable),Zone-4_Basement,-1.5,0.887
tirodi,EXP-TIR-0087,21.68413,79.69615,127,Mansar Gondite Horizon,32.5,0.91,1365.5,0.71,0.705,MEDIUM PROSPECT (UNFC-122 Probable),Zone-2_GonditeReef,4.6,0.317
balaghat,EXP-BAL-0045,21.80408,80.18387,79,Basement Gneiss,28.4,0.76,172.5,0.85,0.452,MEDIUM PROSPECT (UNFC-122 Probable),Zone-1_Schist,-3.3,0.914
balaghat,EXP-BAL-0048,21.81166,80.18311,196,Mansar Gondite Horizon,43.0,0.96,597.0,0.97,0.828,HIGH PROSPECT (UNFC-111 Proved),Zone-2_GonditeReef,11.3,0.702
balaghat,EXP-BAL-0091,21.78524,80.19073,115,Quartzite Schist,28.5,0.81,1612.2,0.81,0.434,LOW PROSPECT (UNFC-333 Reconnaissance),Zone-2_GonditeReef,-3.2,0.194
tirodi,EXP-TIR-0066,21.67753,79.7045,305,Basement Gneiss,23.6,0.72,1305.3,0.7,0.355,LOW PROSPECT (UNFC-333 Reconnaissance),Zone-4_Basement,-4.3,0.347
balaghat,EXP-BAL-0065,21.80268,80.17787,208,Mansar Gondite Horizon,38.6,0.91,898.1,0.92,0.667,MEDIUM PROSPECT (UNFC-122 Probable),Zone-2_GonditeReef,6.9,0.551
gumgaon,EXP-GUM-0086,21.39105,79.00462,290,Basement Gneiss,27.8,0.73,30.1,0.86,0.519,MEDIUM PROSPECT (UNFC-122 Probable),Zone-3_Breccia,-1.4,0.985
ukwa,EXP-UKW-0023,21.95984,80.45969,285,Basement Gneiss,24.2,0.76,1488.8,0.95,0.325,LOW PROSPECT (UNFC-333 Reconnaissance),Zone-3_Breccia,-7.3,0.256
dongri-buzurg,EXP-DON-0096,21.53686,79.70776,48,Mansar Gondite Horizon,47.8,0.96,198.9,0.85,0.946,HIGH PROSPECT (UNFC-111 Proved),Zone-0_Overburden,15.9,0.901
ukwa,EXP-UKW-0035,21.97817,80.46878,288,Basement Gneiss,23.8,0.73,1409.5,0.81,0.364,LOW PROSPECT (UNFC-333 Reconnaissance),Zone-3_Breccia,-7.7,0.295
tirodi,EXP-TIR-0053,21.6736,79.71387,173,Basement Gneiss,26.7,0.78,851.0,0.87,0.467,LOW PROSPECT (UNFC-333 Reconnaissance),Zone-2_GonditeReef,-1.2,0.574
balaghat,EXP-BAL-0033,21.79422,80.17945,293,Basement Gneiss,22.4,0.76,1686.6,0.83,0.307,LOW PROSPECT (UNFC-333 Reconnaissance),Zone-4_Basement,-9.3,0.157
gumgaon,EXP-GUM-0066,21.36696,79.01362,154,Mansar Gondite Horizon,39.0,0.94,48.2,0.66,0.899,HIGH PROSPECT (UNFC-111 Proved),Zone-2_GonditeReef,9.8,0.976
dongri-buzurg,EXP-DON-0042,21.52267,79.71728,301,Basement Gneiss,26.9,0.73,870.3,0.85,0.412,LOW PROSPECT (UNFC-333 Reconnaissance),Zone-4_Basement,-5.0,0.565
dongri-buzurg,EXP-DON-0001,21.52373,79.73872,65,Mansar Gondite Horizon,46.7,0.97,515.3,0.7,0.941,HIGH PROSPECT (UNFC-111 Proved),Zone-1_Schist,14.8,0.742
balaghat,EXP-BAL-0076,21.8285,80.18483,128,Quartzite Schist,35.3,0.84,829.1,0.68,0.596,MEDIUM PROSPECT (UNFC-122 Probable),Zone-2_GonditeReef,3.6,0.585
ukwa,EXP-UKW-0091,21.98866,80.45527,217,Basement Gneiss,25.6,0.77,1290.4,0.93,0.346,LOW PROSPECT (UNFC-333 Reconnaissance),Zone-2_GonditeReef,-5.9,0.355
ukwa,EXP-UKW-0025,21.95169,80.48494,238,Basement Gneiss,29.1,0.74,5.3,0.9,0.518,MEDIUM PROSPECT (UNFC-122 Probable),Zone-3_Breccia,-2.4,0.997
tirodi,EXP-TIR-0024,21.67812,79.69397,86,Mansar Gondite Horizon,37.3,0.99,440.2,0.74,0.894,HIGH PROSPECT (UNFC-111 Proved),Zone-1_Schist,9.4,0.78
gumgaon,EXP-GUM-0004,21.39166,79.03457,214,Basement Gneiss,25.8,0.75,1083.2,0.73,0.435,LOW PROSPECT (UNFC-333 Reconnaissance),Zone-2_GonditeReef,-3.4,0.458
ukwa,EXP-UKW-0019,21.96413,80.47447,319,Basement Gneiss,25.6,0.73,390.4,0.66,0.452,MEDIUM PROSPECT (UNFC-122 Probable),Zone-4_Basement,-5.9,0.805
dongri-buzurg,EXP-DON-0062,21.51976,79.72898,141,Basement Gneiss,33.8,0.76,81.8,0.97,0.565,MEDIUM PROSPECT (UNFC-122 Probable),Zone-2_GonditeReef,1.9,0.959
ukwa,EXP-UKW-0065,21.95183,80.47887,115,Mansar Gondite Horizon,42.8,0.99,555.8,0.8,0.907,HIGH PROSPECT (UNFC-111 Proved),Zone-2_GonditeReef,11.3,0.722
gumgaon,EXP-GUM-0031,21.39801,78.99386,193,Basement Gneiss,30.7,0.8,279.1,0.83,0.57,MEDIUM PROSPECT (UNFC-122 Probable),Zone-2_GonditeReef,1.5,0.86
gumgaon,EXP-GUM-0034,21.37577,79.02141,162,Mansar Gondite Horizon,36.9,0.93,130.9,0.66,0.837,HIGH PROSPECT (UNFC-111 Proved),Zone-2_GonditeReef,7.7,0.935
tirodi,EXP-TIR-0046,21.66613,79.72297,26,Basement Gneiss,26.5,0.77,815.2,0.75,0.537,MEDIUM PROSPECT (UNFC-122 Probable),Zone-0_Overburden,-1.4,0.592
dongri-buzurg,EXP-DON-0023,21.52678,79.71002,30,Mansar Gondite Horizon,38.6,0.91,1103.7,0.83,0.639,MEDIUM PROSPECT (UNFC-122 Probable),Zone-0_Overburden,6.7,0.448
balaghat,EXP-BAL-0064,21.82456,80.16247,113,Basement Gneiss,33.5,0.79,67.3,0.74,0.694,MEDIUM PROSPECT (UNFC-122 Probable),Zone-2_GonditeReef,1.8,0.966
gumgaon,EXP-GUM-0078,21.3798,79.03275,192,Basement Gneiss,26.4,0.8,1394.3,0.91,0.496,LOW PROSPECT (UNFC-333 Reconnaissance),Zone-2_GonditeReef,-2.8,0.303
ukwa,EXP-UKW-0067,21.95347,80.46546,109,Mansar Gondite Horizon,38.0,0.97,1648.8,0.91,0.724,MEDIUM PROSPECT (UNFC-122 Probable),Zone-1_Schist,6.5,0.176
dongri-buzurg,EXP-DON-0073,21.54452,79.73298,50,Mansar Gondite Horizon,41.9,0.97,1246.6,0.91,0.758,MEDIUM PROSPECT (UNFC-122 Probable),Zone-1_Schist,10.0,0.377
tirodi,EXP-TIR-0019,21.7124,79.7037,241,Basement Gneiss,24.1,0.74,690.1,0.66,0.432,LOW PROSPECT (UNFC-333 Reconnaissance),Zone-3_Breccia,-3.8,0.655
dongri-buzurg,EXP-DON-0045,21.56239,79.74279,338,Basement Gneiss,26.5,0.75,561.8,0.9,0.436,MEDIUM PROSPECT (UNFC-122 Probable),Zone-4_Basement,-5.4,0.719
gumgaon,EXP-GUM-0088,21.39214,79.02171,186,Quartzite Schist,26.8,0.82,1715.2,0.66,0.46,LOW PROSPECT (UNFC-333 Reconnaissance),Zone-2_GonditeReef,-2.4,0.142
tirodi,EXP-TIR-0031,21.68856,79.70562,206,Basement Gneiss,27.0,0.75,26.1,0.9,0.551,MEDIUM PROSPECT (UNFC-122 Probable),Zone-2_GonditeReef,-0.9,0.987
tirodi,EXP-TIR-0098,21.67849,79.6955,299,Basement Gneiss,27.1,0.74,253.0,0.73,0.514,MEDIUM PROSPECT (UNFC-122 Probable),Zone-4_Basement,-0.8,0.874
ukwa,EXP-UKW-0043,21.98652,80.4795,311,Basement Gneiss,24.4,0.76,1554.2,0.87,0.354,LOW PROSPECT (UNFC-333 Reconnaissance),Zone-4_Basement,-7.1,0.223
dongri-buzurg,EXP-DON-0039,21.56188,79.7456,267,Basement Gneiss,24.9,0.73,773.3,0.89,0.374,LOW PROSPECT (UNFC-333 Reconnaissance),Zone-3_Breccia,-7.0,0.613
gumgaon,EXP-GUM-0007,21.38933,78.9954,257,Basement Gneiss,24.8,0.72,1096.3,0.68,0.38,LOW PROSPECT (UNFC-333 Reconnaissance),Zone-3_Breccia,-4.4,0.452
balaghat,EXP-BAL-0086,21.79765,80.1925,204,Mansar Gondite Horizon,43.4,0.91,66.8,0.68,0.801,HIGH PROSPECT (UNFC-111 Proved),Zone-2_GonditeReef,11.7,0.967
tirodi,EXP-TIR-0034,21.68684,79.71539,252,Basement Gneiss,25.4,0.73,763.2,0.75,0.402,LOW PROSPECT (UNFC-333 Reconnaissance),Zone-3_Breccia,-2.5,0.618
balaghat,EXP-BAL-0014,21.79196,80.18072,262,Basement Gneiss,30.5,0.77,17.1,0.96,0.521,MEDIUM PROSPECT (UNFC-122 Probable),Zone-3_Breccia,-1.2,0.991
tirodi,EXP-TIR-0022,21.70434,79.7302,115,Mansar Gondite Horizon,36.9,0.94,512.3,0.78,0.844,MEDIUM PROSPECT (UNFC-122 Probable),Zone-2_GonditeReef,9.0,0.744
ukwa,EXP-UKW-0031,21.97711,80.45058,182,Basement Gneiss,30.6,0.8,437.5,0.86,0.594,MEDIUM PROSPECT (UNFC-122 Probable),Zone-2_GonditeReef,-0.9,0.781
tirodi,EXP-TIR-0035,21.70322,79.69494,91,Mansar Gondite Horizon,38.3,0.99,638.7,0.65,0.871,MEDIUM PROSPECT (UNFC-122 Probable),Zone-1_Schist,10.4,0.681
ukwa,EXP-UKW-0005,21.95227,80.46615,109,Mansar Gondite Horizon,37.2,0.98,1716.0,0.97,0.803,MEDIUM PROSPECT (UNFC-122 Probable),Zone-1_Schist,5.7,0.142
ukwa,EXP-UKW-0095,21.96434,80.46708,102,Mansar Gondite Horizon,42.5,0.98,288.5,0.9,0.95,HIGH PROSPECT (UNFC-111 Proved),Zone-1_Schist,11.0,0.856
gumgaon,EXP-GUM-0098,21.36575,78.99169,311,Basement Gneiss,26.9,0.74,466.3,0.94,0.487,MEDIUM PROSPECT (UNFC-122 Probable),Zone-4_Basement,-2.3,0.767
ukwa,EXP-UKW-0026,21.97253,80.45002,237,Basement Gneiss,24.2,0.73,999.7,0.73,0.419,LOW PROSPECT (UNFC-333 Reconnaissance),Zone-3_Breccia,-7.3,0.5
ukwa,EXP-UKW-0048,21.97673,80.45294,212,Basement Gneiss,27.3,0.76,255.8,0.92,0.527,MEDIUM PROSPECT (UNFC-122 Probable),Zone-2_GonditeReef,-4.2,0.872
ukwa,EXP-UKW-0011,21.94242,80.46368,54,Basement Gneiss,29.0,0.8,1244.3,0.79,0.513,LOW PROSPECT (UNFC-333 Reconnaissance),Zone-1_Schist,-2.5,0.378
balaghat,EXP-BAL-0039,21.818,80.17099,221,Quartzite Schist,39.7,0.87,148.6,0.86,0.789,HIGH PROSPECT (UNFC-111 Proved),Zone-3_Breccia,8.0,0.926
ukwa,EXP-UKW-0054,21.97472,80.4536,29,Basement Gneiss,30.0,0.74,416.3,0.9,0.521,MEDIUM PROSPECT (UNFC-122 Probable),Zone-0_Overburden,-1.5,0.792
balaghat,EXP-BAL-0018,21.81465,80.17838,331,Basement Gneiss,27.6,0.72,479.0,0.74,0.399,MEDIUM PROSPECT (UNFC-122 Probable),Zone-4_Basement,-4.1,0.76
dongri-buzurg,EXP-DON-0016,21.52341,79.7364,81,Mansar Gondite Horizon,45.1,0.95,772.6,0.68,0.801,MEDIUM PROSPECT (UNFC-122 Probable),Zone-1_Schist,13.2,0.614
ukwa,EXP-UKW-0075,21.96007,80.48499,153,Mansar Gondite Horizon,33.2,0.87,939.8,0.9,0.669,MEDIUM PROSPECT (UNFC-122 Probable),Zone-2_GonditeReef,1.7,0.53
ukwa,EXP-UKW-0069,21.95253,80.48245,71,Quartzite Schist,36.3,0.85,138.8,0.7,0.758,HIGH PROSPECT (UNFC-111 Proved),Zone-1_Schist,4.8,0.931
ukwa,EXP-UKW-0044,21.97094,80.47362,74,Quartzite Schist,33.7,0.87,1066.2,0.74,0.704,MEDIUM PROSPECT (UNFC-122 Probable),Zone-1_Schist,2.2,0.467
dongri-buzurg,EXP-DON-0080,21.56174,79.71867,187,Basement Gneiss,21.2,0.74,1797.9,0.7,0.368,LOW PROSPECT (UNFC-333 Reconnaissance),Zone-2_GonditeReef,-10.7,0.101
tirodi,EXP-TIR-0033,21.66612,79.72517,166,Basement Gneiss,28.0,0.77,606.9,0.96,0.598,MEDIUM PROSPECT (UNFC-122 Probable),Zone-2_GonditeReef,0.1,0.697
dongri-buzurg,EXP-DON-0020,21.53867,79.724,162,Basement Gneiss,29.8,0.74,255.5,0.9,0.508,MEDIUM PROSPECT (UNFC-122 Probable),Zone-2_GonditeReef,-2.1,0.872
balaghat,EXP-BAL-0026,21.82436,80.20455,270,Basement Gneiss,28.9,0.77,442.6,0.7,0.463,MEDIUM PROSPECT (UNFC-122 Probable),Zone-3_Breccia,-2.8,0.779
gumgaon,EXP-GUM-0068,21.40906,78.99983,231,Basement Gneiss,22.1,0.77,1514.7,0.8,0.366,LOW PROSPECT (UNFC-333 Reconnaissance),Zone-3_Breccia,-7.1,0.243
balaghat,EXP-BAL-0056,21.81898,80.16476,180,Mansar Gondite Horizon,45.2,0.99,334.4,0.8,0.921,HIGH PROSPECT (UNFC-111 Proved),Zone-2_GonditeReef,13.5,0.833
balaghat,EXP-BAL-0054,21.82428,80.17966,28,Basement Gneiss,22.6,0.74,1668.9,0.96,0.34,LOW PROSPECT (UNFC-333 Reconnaissance),Zone-0_Overburden,-9.1,0.166
tirodi,EXP-TIR-0057,21.68955,79.71076,28,Basement Gneiss,28.1,0.8,623.6,0.82,0.559,MEDIUM PROSPECT (UNFC-122 Probable),Zone-0_Overburden,0.2,0.688
dongri-buzurg,EXP-DON-0004,21.54751,79.72169,217,Basement Gneiss,28.7,0.76,506.5,0.88,0.457,MEDIUM PROSPECT (UNFC-122 Probable),Zone-2_GonditeReef,-3.2,0.747
gumgaon,EXP-GUM-0028,21.40983,79.0277,218,Basement Gneiss,25.4,0.76,648.0,0.82,0.501,MEDIUM PROSPECT (UNFC-122 Probable),Zone-2_GonditeReef,-3.8,0.676
gumgaon,EXP-GUM-0039,21.36411,79.03539,118,Mansar Gondite Horizon,42.1,0.96,96.6,0.78,0.947,HIGH PROSPECT (UNFC-111 Proved),Zone-2_GonditeReef,12.9,0.952
gumgaon,EXP-GUM-0043,21.40715,78.99903,63,Basement Gneiss,26.9,0.79,1227.4,0.86,0.482,LOW PROSPECT (UNFC-333 Reconnaissance),Zone-1_Schist,-2.3,0.386
gumgaon,EXP-GUM-0029,21.36654,79.03133,166,Mansar Gondite Horizon,35.1,0.91,213.2,0.79,0.764,MEDIUM PROSPECT (UNFC-122 Probable),Zone-2_GonditeReef,5.9,0.893
dongri-buzurg,EXP-DON-0089,21.5667,79.7011,236,Basement Gneiss,27.0,0.75,679.0,0.71,0.467,MEDIUM PROSPECT (UNFC-122 Probable),Zone-3_Breccia,-4.9,0.66
gumgaon,EXP-GUM-0084,21.37789,79.01171,285,Basement Gneiss,24.7,0.75,816.7,0.88,0.389,LOW PROSPECT (UNFC-333 Reconnaissance),Zone-3_Breccia,-4.5,0.592
dongri-buzurg,EXP-DON-0063,21.56163,79.73523,267,Basement Gneiss,23.7,0.73,1559.7,0.86,0.35,LOW PROSPECT (UNFC-333 Reconnaissance),Zone-3_Breccia,-8.2,0.22
gumgaon,EXP-GUM-0090,21.40536,79.02054,201,Basement Gneiss,25.4,0.8,1270.9,0.8,0.45,LOW PROSPECT (UNFC-333 Reconnaissance),Zone-2_GonditeReef,-3.8,0.365
tirodi,EXP-TIR-0013,21.67775,79.7053,206,Basement Gneiss,24.7,0.75,1204.0,0.89,0.325,LOW PROSPECT (UNFC-333 Reconnaissance),Zone-2_GonditeReef,-3.2,0.398
balaghat,EXP-BAL-0088,21.80573,80.18072,334,Basement Gneiss,27.5,0.75,289.6,0.97,0.471,MEDIUM PROSPECT (UNFC-122 Probable),Zone-4_Basement,-4.2,0.855
dongri-buzurg,EXP-DON-0036,21.55301,79.71339,253,Basement Gneiss,28.3,0.75,328.8,0.83,0.468,MEDIUM PROSPECT (UNFC-122 Probable),Zone-3_Breccia,-3.6,0.836
dongri-buzurg,EXP-DON-0094,21.55631,79.73629,162,Basement Gneiss,26.3,0.73,1070.3,0.83,0.407,LOW PROSPECT (UNFC-333 Reconnaissance),Zone-2_GonditeReef,-5.6,0.465
balaghat,EXP-BAL-0002,21.82281,80.19026,248,Basement Gneiss,30.2,0.77,712.6,0.71,0.494,MEDIUM PROSPECT (UNFC-122 Probable),Zone-3_Breccia,-1.5,0.644
ukwa,EXP-UKW-0070,21.96623,80.45712,202,Basement Gneiss,26.6,0.76,1024.3,0.84,0.422,LOW PROSPECT (UNFC-333 Reconnaissance),Zone-2_GonditeReef,-4.9,0.488
tirodi,EXP-TIR-0043,21.6751,79.7167,284,Basement Gneiss,27.4,0.73,416.0,0.82,0.471,MEDIUM PROSPECT (UNFC-122 Probable),Zone-3_Breccia,-0.5,0.792
gumgaon,EXP-GUM-0040,21.36607,79.01775,269,Basement Gneiss,25.0,0.76,1555.0,0.66,0.352,LOW PROSPECT (UNFC-333 Reconnaissance),Zone-3_Breccia,-4.2,0.223
tirodi,EXP-TIR-0093,21.67978,79.72993,294,Basement Gneiss,24.2,0.76,1360.6,0.84,0.391,LOW PROSPECT (UNFC-333 Reconnaissance),Zone-4_Basement,-3.7,0.32
dongri-buzurg,EXP-DON-0037,21.53414,79.72769,304,Basement Gneiss,29.0,0.75,407.9,0.66,0.424,MEDIUM PROSPECT (UNFC-122 Probable),Zone-4_Basement,-2.9,0.796
balaghat,EXP-BAL-0070,21.79187,80.18273,65,Basement Gneiss,23.6,0.75,1637.1,0.73,0.342,LOW PROSPECT (UNFC-333 Reconnaissance),Zone-1_Schist,-8.1,0.181
balaghat,EXP-BAL-0062,21.79824,80.17449,298,Basement Gneiss,22.9,0.74,1712.3,0.67,0.34,LOW PROSPECT (UNFC-333 Reconnaissance),Zone-4_Basement,-8.8,0.144
gumgaon,EXP-GUM-0071,21.38718,78.99109,169,Mansar Gondite Horizon,30.9,0.9,1745.2,0.96,0.564,LOW PROSPECT (UNFC-333 Reconnaissance),Zone-2_GonditeReef,1.7,0.127
ukwa,EXP-UKW-0015,21.97564,80.44606,324,Basement Gneiss,25.4,0.76,1030.1,0.92,0.408,LOW PROSPECT (UNFC-333 Reconnaissance),Zone-4_Basement,-6.1,0.485
ukwa,EXP-UKW-0087,21.94325,80.46445,99,Mansar Gondite Horizon,38.5,0.95,1078.5,0.74,0.811,MEDIUM PROSPECT (UNFC-122 Probable),Zone-1_Schist,7.0,0.461
dongri-buzurg,EXP-DON-0012,21.52773,79.69823,173,Basement Gneiss,29.3,0.74,318.1,0.91,0.463,MEDIUM PROSPECT (UNFC-122 Probable),Zone-2_GonditeReef,-2.6,0.841
gumgaon,EXP-GUM-0057,21.37641,79.0087,52,Basement Gneiss,24.2,0.79,1266.9,0.89,0.444,LOW PROSPECT (UNFC-333 Reconnaissance),Zone-1_Schist,-5.0,0.367
gumgaon,EXP-GUM-0049,21.36047,78.99933,253,Basement Gneiss,26.5,0.74,326.5,0.72,0.515,MEDIUM PROSPECT (UNFC-122 Probable),Zone-3_Breccia,-2.7,0.837
dongri-buzurg,EXP-DON-0076,21.53947,79.7137,141,Basement Gneiss,28.9,0.78,1145.3,0.79,0.456,LOW PROSPECT (UNFC-333 Reconnaissance),Zone-2_GonditeReef,-3.0,0.427
dongri-buzurg,EXP-DON-0024,21.55969,79.70672,28,Mansar Gondite Horizon,41.5,0.9,435.6,0.85,0.755,HIGH PROSPECT (UNFC-111 Proved),Zone-0_Overburden,9.6,0.782
tirodi,EXP-TIR-0099,21.69159,79.72264,310,Basement Gneiss,26.1,0.73,179.1,0.74,0.492,MEDIUM PROSPECT (UNFC-122 Probable),Zone-4_Basement,-1.8,0.91
gumgaon,EXP-GUM-0005,21.39055,79.00755,289,Basement Gneiss,28.1,0.75,193.3,0.73,0.48,MEDIUM PROSPECT (UNFC-122 Probable),Zone-3_Breccia,-1.1,0.903
dongri-buzurg,EXP-DON-0058,21.53438,79.72083,267,Basement Gneiss,27.4,0.76,1032.9,0.74,0.379,LOW PROSPECT (UNFC-333 Reconnaissance),Zone-3_Breccia,-4.5,0.484
tirodi,EXP-TIR-0084,21.67712,79.70226,36,Quartzite Schist,26.1,0.81,1562.4,0.65,0.489,LOW PROSPECT (UNFC-333 Reconnaissance),Zone-0_Overburden,-1.8,0.219
balaghat,EXP-BAL-0020,21.80397,80.20948,101,Basement Gneiss,31.4,0.79,448.3,0.73,0.568,MEDIUM PROSPECT (UNFC-122 Probable),Zone-1_Schist,-0.3,0.776
dongri-buzurg,EXP-DON-0035,21.53416,79.73785,36,Mansar Gondite Horizon,42.8,0.9,558.4,0.69,0.747,MEDIUM PROSPECT (UNFC-122 Probable),Zone-0_Overburden,10.9,0.721
dongri-buzurg,EXP-DON-0066,21.55808,79.71192,168,Basement Gneiss,25.0,0.74,750.7,0.85,0.427,LOW PROSPECT (UNFC-333 Reconnaissance),Zone-2_GonditeReef,-6.9,0.625
balaghat,EXP-BAL-0058,21.81455,80.16384,283,Basement Gneiss,26.4,0.76,914.0,0.68,0.404,LOW PROSPECT (UNFC-333 Reconnaissance),Zone-3_Breccia,-5.3,0.543
ukwa,EXP-UKW-0068,21.95697,80.45363,65,Quartzite Schist,32.3,0.83,584.0,0.87,0.619,MEDIUM PROSPECT (UNFC-122 Probable),Zone-1_Schist,0.8,0.708
balaghat,EXP-BAL-0024,21.82337,80.1731,232,Quartzite Schist,33.0,0.81,944.5,0.82,0.566,MEDIUM PROSPECT (UNFC-122 Probable),Zone-3_Breccia,1.3,0.528
tirodi,EXP-TIR-0042,21.70743,79.70615,166,Basement Gneiss,29.7,0.79,371.7,0.67,0.608,MEDIUM PROSPECT (UNFC-122 Probable),Zone-2_GonditeReef,1.8,0.814
dongri-buzurg,EXP-DON-0082,21.54089,79.7082,48,Mansar Gondite Horizon,39.5,0.97,1510.2,0.76,0.754,MEDIUM PROSPECT (UNFC-122 Probable),Zone-0_Overburden,7.6,0.245
balaghat,EXP-BAL-0077,21.7859,80.1678,68,Basement Gneiss,30.0,0.76,117.8,0.76,0.474,MEDIUM PROSPECT (UNFC-122 Probable),Zone-1_Schist,-1.7,0.941
dongri-buzurg,EXP-DON-0007,21.52094,79.71316,277,Basement Gneiss,21.3,0.73,1453.9,0.95,0.374,LOW PROSPECT (UNFC-333 Reconnaissance),Zone-3_Breccia,-10.6,0.273
balaghat,EXP-BAL-0025,21.78416,80.20506,308,Basement Gneiss,29.3,0.75,371.5,0.77,0.427,MEDIUM PROSPECT (UNFC-122 Probable),Zone-4_Basement,-2.4,0.814
gumgaon,EXP-GUM-0070,21.38806,79.01317,61,Basement Gneiss,30.0,0.8,450.9,0.67,0.566,MEDIUM PROSPECT (UNFC-122 Probable),Zone-1_Schist,0.8,0.775
balaghat,EXP-BAL-0011,21.79505,80.17646,254,Basement Gneiss,31.8,0.76,79.4,0.81,0.583,MEDIUM PROSPECT (UNFC-122 Probable),Zone-3_Breccia,0.1,0.96
dongri-buzurg,EXP-DON-0086,21.52431,79.71901,319,Basement Gneiss,25.8,0.73,524.3,0.66,0.454,MEDIUM PROSPECT (UNFC-122 Probable),Zone-4_Basement,-6.1,0.738
dongri-buzurg,EXP-DON-0079,21.52718,79.70828,330,Basement Gneiss,24.3,0.73,1224.4,0.81,0.384,LOW PROSPECT (UNFC-333 Reconnaissance),Zone-4_Basement,-7.6,0.388
dongri-buzurg,EXP-DON-0041,21.56759,79.71779,146,Basement Gneiss,30.5,0.78,563.8,0.96,0.467,MEDIUM PROSPECT (UNFC-122 Probable),Zone-2_GonditeReef,-1.4,0.718
tirodi,EXP-TIR-0063,21.71014,79.72026,337,Basement Gneiss,26.7,0.73,211.8,0.67,0.503,MEDIUM PROSPECT (UNFC-122 Probable),Zone-4_Basement,-1.2,0.894
ukwa,EXP-UKW-0098,21.95911,80.4635,286,Basement Gneiss,23.7,0.73,1209.0,0.83,0.386,LOW PROSPECT (UNFC-333 Reconnaissance),Zone-3_Breccia,-7.8,0.395
dongri-buzurg,EXP-DON-0053,21.52624,79.7373,287,Basement Gneiss,28.5,0.74,372.4,0.74,0.462,MEDIUM PROSPECT (UNFC-122 Probable),Zone-3_Breccia,-3.4,0.814
tirodi,EXP-TIR-0037,21.7053,79.71168,52,Quartzite Schist,31.9,0.87,659.5,0.78,0.656,MEDIUM PROSPECT (UNFC-122 Probable),Zone-1_Schist,4.0,0.67
tirodi,EXP-TIR-0077,21.70892,79.72855,206,Basement Gneiss,24.3,0.75,864.2,0.73,0.457,LOW PROSPECT (UNFC-333 Reconnaissance),Zone-2_GonditeReef,-3.6,0.568
tirodi,EXP-TIR-0065,21.70356,79.7128,147,Quartzite Schist,31.4,0.85,572.5,0.76,0.595,MEDIUM PROSPECT (UNFC-122 Probable),Zone-2_GonditeReef,3.5,0.714
balaghat,EXP-BAL-0059,21.79821,80.17873,281,Basement Gneiss,25.9,0.76,1312.2,0.68,0.355,LOW PROSPECT (UNFC-333 Reconnaissance),Zone-3_Breccia,-5.8,0.344
dongri-buzurg,EXP-DON-0069,21.53452,79.72229,52,Mansar Gondite Horizon,44.3,0.96,879.0,0.68,0.83,MEDIUM PROSPECT (UNFC-122 Probable),Zone-1_Schist,12.4,0.56
tirodi,EXP-TIR-0074,21.66361,79.68145,137,Quartzite Schist,30.4,0.89,1439.9,0.76,0.564,LOW PROSPECT (UNFC-333 Reconnaissance),Zone-2_GonditeReef,2.5,0.28
balaghat,EXP-BAL-0029,21.81238,80.18862,54,Basement Gneiss,23.9,0.76,1199.2,0.73,0.339,LOW PROSPECT (UNFC-333 Reconnaissance),Zone-1_Schist,-7.8,0.4
gumgaon,EXP-GUM-0033,21.37879,79.00672,169,Mansar Gondite Horizon,32.6,0.9,1190.1,0.97,0.658,MEDIUM PROSPECT (UNFC-122 Probable),Zone-2_GonditeReef,3.4,0.405
balaghat,EXP-BAL-0001,21.79823,80.20774,255,Basement Gneiss,26.0,0.75,1444.6,0.7,0.37,LOW PROSPECT (UNFC-333 Reconnaissance),Zone-3_Breccia,-5.7,0.278
gumgaon,EXP-GUM-0097,21.38914,79.03677,294,Basement Gneiss,24.6,0.74,1012.9,0.92,0.376,LOW PROSPECT (UNFC-333 Reconnaissance),Zone-4_Basement,-4.6,0.494
tirodi,EXP-TIR-0079,21.6648,79.68976,298,Basement Gneiss,27.7,0.74,517.8,0.84,0.406,MEDIUM PROSPECT (UNFC-122 Probable),Zone-4_Basement,-0.2,0.741
balaghat,EXP-BAL-0006,21.80151,80.1663,180,Mansar Gondite Horizon,44.6,0.98,327.5,0.75,0.945,HIGH PROSPECT (UNFC-111 Proved),Zone-2_GonditeReef,12.9,0.836
ukwa,EXP-UKW-0045,21.95769,80.45408,92,Mansar Gondite Horizon,40.3,0.93,461.1,0.82,0.862,HIGH PROSPECT (UNFC-111 Proved),Zone-1_Schist,8.8,0.769
ukwa,EXP-UKW-0034,21.94545,80.46571,201,Basement Gneiss,28.5,0.74,714.1,0.73,0.514,MEDIUM PROSPECT (UNFC-122 Probable),Zone-2_GonditeReef,-3.0,0.643
dongri-buzurg,EXP-DON-0005,21.55356,79.70403,206,Basement Gneiss,29.9,0.76,500.3,0.89,0.415,MEDIUM PROSPECT (UNFC-122 Probable),Zone-2_GonditeReef,-2.0,0.75
gumgaon,EXP-GUM-0021,21.3995,79.00223,50,Basement Gneiss,27.0,0.76,681.9,0.88,0.453,MEDIUM PROSPECT (UNFC-122 Probable),Zone-1_Schist,-2.2,0.659
dongri-buzurg,EXP-DON-0087,21.56753,79.74466,26,Mansar Gondite Horizon,36.3,0.88,1310.1,0.94,0.641,MEDIUM PROSPECT (UNFC-122 Probable),Zone-0_Overburden,4.4,0.345
gumgaon,EXP-GUM-0094,21.36563,79.02218,195,Basement Gneiss,27.1,0.8,1182.7,0.65,0.483,LOW PROSPECT (UNFC-333 Reconnaissance),Zone-2_GonditeReef,-2.1,0.409
dongri-buzurg,EXP-DON-0027,21.55415,79.71126,203,Basement Gneiss,28.8,0.75,252.0,0.96,0.545,MEDIUM PROSPECT (UNFC-122 Probable),Zone-2_GonditeReef,-3.1,0.874
dongri-buzurg,EXP-DON-0015,21.554,79.72935,33,Mansar Gondite Horizon,42.5,0.89,153.5,0.87,0.793,HIGH PROSPECT (UNFC-111 Proved),Zone-0_Overburden,10.6,0.923
dongri-buzurg,EXP-DON-0008,21.53555,79.73328,167,Basement Gneiss,28.1,0.73,278.7,0.7,0.486,MEDIUM PROSPECT (UNFC-122 Probable),Zone-2_GonditeReef,-3.8,0.861
tirodi,EXP-TIR-0095,21.70495,79.68157,246,Basement Gneiss,26.4,0.75,439.3,0.73,0.46,MEDIUM PROSPECT (UNFC-122 Probable),Zone-3_Breccia,-1.5,0.78
dongri-buzurg,EXP-DON-0093,21.54655,79.73332,301,Basement Gneiss,22.4,0.75,1504.6,0.87,0.292,LOW PROSPECT (UNFC-333 Reconnaissance),Zone-4_Basement,-9.5,0.248
balaghat,EXP-BAL-0036,21.82516,80.18577,182,Mansar Gondite Horizon,45.9,0.99,547.4,0.88,0.909,HIGH PROSPECT (UNFC-111 Proved),Zone-2_GonditeReef,14.2,0.726
tirodi,EXP-TIR-0059,21.70151,79.72136,62,Mansar Gondite Horizon,31.6,0.9,1158.4,0.82,0.725,MEDIUM PROSPECT (UNFC-122 Probable),Zone-1_Schist,3.7,0.421
balaghat,EXP-BAL-0022,21.78883,80.16224,211,Mansar Gondite Horizon,39.9,0.88,321.1,0.86,0.721,MEDIUM PROSPECT (UNFC-122 Probable),Zone-2_GonditeReef,8.2,0.839
balaghat,EXP-BAL-0005,21.80988,80.16873,45,Basement Gneiss,26.5,0.75,968.1,0.68,0.386,LOW PROSPECT (UNFC-333 Reconnaissance),Zone-0_Overburden,-5.2,0.516
balaghat,EXP-BAL-0063,21.82797,80.18635,223,Quartzite Schist,35.9,0.86,914.3,0.86,0.606,MEDIUM PROSPECT (UNFC-122 Probable),Zone-3_Breccia,4.2,0.543
balaghat,EXP-BAL-0049,21.78929,80.16367,56,Basement Gneiss,29.4,0.76,133.9,0.76,0.485,MEDIUM PROSPECT (UNFC-122 Probable),Zone-1_Schist,-2.3,0.933
balaghat,EXP-BAL-0046,21.78177,80.17893,222,Quartzite Schist,32.6,0.84,1319.2,0.87,0.615,MEDIUM PROSPECT (UNFC-122 Probable),Zone-3_Breccia,0.9,0.34
balaghat,EXP-BAL-0071,21.81041,80.17811,60,Basement Gneiss,31.8,0.74,18.1,0.9,0.521,MEDIUM PROSPECT (UNFC-122 Probable),Zone-1_Schist,0.1,0.991
dongri-buzurg,EXP-DON-0072,21.55829,79.71337,281,Basement Gneiss,26.3,0.75,912.0,0.8,0.448,LOW PROSPECT (UNFC-333 Reconnaissance),Zone-3_Breccia,-5.6,0.544
tirodi,EXP-TIR-0082,21.66656,79.68445,321,Basement Gneiss,25.0,0.75,827.3,0.92,0.34,LOW PROSPECT (UNFC-333 Reconnaissance),Zone-4_Basement,-2.9,0.586
balaghat,EXP-BAL-0023,21.81405,80.17954,320,Basement Gneiss,26.5,0.76,521.7,0.69,0.441,MEDIUM PROSPECT (UNFC-122 Probable),Zone-4_Basement,-5.2,0.739
dongri-buzurg,EXP-DON-0098,21.53814,79.72541,193,Basement Gneiss,30.1,0.75,180.7,0.92,0.533,MEDIUM PROSPECT (UNFC-122 Probable),Zone-2_GonditeReef,-1.8,0.91
tirodi,EXP-TIR-0052,21.68144,79.69949,41,Quartzite Schist,29.4,0.85,1347.1,0.92,0.518,LOW PROSPECT (UNFC-333 Reconnaissance),Zone-0_Overburden,1.5,0.326
gumgaon,EXP-GUM-0046,21.40687,78.98916,76,Quartzite Schist,31.7,0.82,257.6,0.92,0.665,MEDIUM PROSPECT (UNFC-122 Probable),Zone-1_Schist,2.5,0.871
tirodi,EXP-TIR-0005,21.68863,79.69567,318,Basement Gneiss,24.4,0.72,910.6,0.85,0.385,LOW PROSPECT (UNFC-333 Reconnaissance),Zone-4_Basement,-3.5,0.545
tirodi,EXP-TIR-0016,21.69305,79.71628,241,Basement Gneiss,22.4,0.73,1537.5,0.79,0.307,LOW PROSPECT (UNFC-333 Reconnaissance),Zone-3_Breccia,-5.5,0.231
gumgaon,EXP-GUM-0060,21.36131,78.98821,286,Basement Gneiss,21.9,0.76,1289.7,0.75,0.371,LOW PROSPECT (UNFC-333 Reconnaissance),Zone-3_Breccia,-7.3,0.355
tirodi,EXP-TIR-0089,21.66692,79.70822,248,Basement Gneiss,25.7,0.76,328.2,0.84,0.488,MEDIUM PROSPECT (UNFC-122 Probable),Zone-3_Breccia,-2.2,0.836
ukwa,EXP-UKW-0073,21.98085,80.48511,123,Mansar Gondite Horizon,39.1,0.99,1458.1,0.98,0.825,MEDIUM PROSPECT (UNFC-122 Probable),Zone-2_GonditeReef,7.6,0.271
tirodi,EXP-TIR-0014,21.70528,79.71562,160,Basement Gneiss,28.2,0.81,1032.4,0.75,0.471,LOW PROSPECT (UNFC-333 Reconnaissance),Zone-2_GonditeReef,0.3,0.484
gumgaon,EXP-GUM-0018,21.37516,79.00016,138,Mansar Gondite Horizon,40.6,0.97,417.9,0.78,0.849,HIGH PROSPECT (UNFC-111 Proved),Zone-2_GonditeReef,11.4,0.791
tirodi,EXP-TIR-0036,21.70471,79.71802,69,Mansar Gondite Horizon,34.2,0.94,1196.8,0.87,0.761,MEDIUM PROSPECT (UNFC-122 Probable),Zone-1_Schist,6.3,0.402
tirodi,EXP-TIR-0050,21.70105,79.72854,246,Basement Gneiss,22.2,0.75,1789.9,0.91,0.312,LOW PROSPECT (UNFC-333 Reconnaissance),Zone-3_Breccia,-5.7,0.105
ukwa,EXP-UKW-0042,21.9679,80.44902,236,Basement Gneiss,23.6,0.73,1608.5,0.71,0.377,LOW PROSPECT (UNFC-333 Reconnaissance),Zone-3_Breccia,-7.9,0.196
dongri-buzurg,EXP-DON-0097,21.53719,79.73957,188,Basement Gneiss,25.5,0.74,1058.6,0.76,0.382,LOW PROSPECT (UNFC-333 Reconnaissance),Zone-2_GonditeReef,-6.4,0.471
ukwa,EXP-UKW-0022,21.97626,80.44752,116,Mansar Gondite Horizon,40.8,0.98,823.0,0.82,0.836,MEDIUM PROSPECT (UNFC-122 Probable),Zone-2_GonditeReef,9.3,0.588
gumgaon,EXP-GUM-0064,21.36345,78.98985,113,Mansar Gondite Horizon,36.8,0.95,896.3,0.95,0.793,MEDIUM PROSPECT (UNFC-122 Probable),Zone-2_GonditeReef,7.6,0.552
gumgaon,EXP-GUM-0083,21.40095,79.01404,248,Basement Gneiss,25.6,0.74,164.6,0.92,0.487,MEDIUM PROSPECT (UNFC-122 Probable),Zone-3_Breccia,-3.6,0.918
tirodi,EXP-TIR-0090,21.66512,79.69427,214,Basement Gneiss,26.2,0.73,54.3,0.9,0.54,MEDIUM PROSPECT (UNFC-122 Probable),Zone-2_GonditeReef,-1.7,0.973
dongri-buzurg,EXP-DON-0083,21.53974,79.70884,219,Basement Gneiss,23.5,0.72,1577.2,0.71,0.31,LOW PROSPECT (UNFC-333 Reconnaissance),Zone-2_GonditeReef,-8.4,0.211
ukwa,EXP-UKW-0047,21.97662,80.4552,320,Basement Gneiss,29.7,0.73,53.1,0.74,0.461,MEDIUM PROSPECT (UNFC-122 Probable),Zone-4_Basement,-1.8,0.973
tirodi,EXP-TIR-0028,21.69911,79.70767,299,Basement Gneiss,22.8,0.75,1391.5,0.69,0.365,LOW PROSPECT (UNFC-333 Reconnaissance),Zone-4_Basement,-5.1,0.304
ukwa,EXP-UKW-0020,21.96713,80.44481,179,Basement Gneiss,33.3,0.79,293.6,0.87,0.579,MEDIUM PROSPECT (UNFC-122 Probable),Zone-2_GonditeReef,1.8,0.853
ukwa,EXP-UKW-0053,21.95407,80.44402,154,Mansar Gondite Horizon,37.8,0.88,18.0,0.84,0.817,HIGH PROSPECT (UNFC-111 Proved),Zone-2_GonditeReef,6.3,0.991
ukwa,EXP-UKW-0013,21.9777,80.44657,87,Mansar Gondite Horizon,38.9,0.92,752.9,0.65,0.784,MEDIUM PROSPECT (UNFC-122 Probable),Zone-1_Schist,7.4,0.624
ukwa,EXP-UKW-0036,21.98158,80.46456,82,Mansar Gondite Horizon,34.6,0.92,1386.8,0.78,0.646,MEDIUM PROSPECT (UNFC-122 Probable),Zone-1_Schist,3.1,0.307
ukwa,EXP-UKW-0051,21.95815,80.4869,304,Basement Gneiss,25.1,0.75,907.9,0.98,0.429,LOW PROSPECT (UNFC-333 Reconnaissance),Zone-4_Basement,-6.4,0.546
gumgaon,EXP-GUM-0075,21.37194,79.00956,335,Basement Gneiss,21.9,0.74,1681.3,0.95,0.328,LOW PROSPECT (UNFC-333 Reconnaissance),Zone-4_Basement,-7.3,0.159
ukwa,EXP-UKW-0046,21.94585,80.47681,145,Mansar Gondite Horizon,36.3,0.91,1416.1,0.91,0.702,MEDIUM PROSPECT (UNFC-122 Probable),Zone-2_GonditeReef,4.8,0.292
dongri-buzurg,EXP-DON-0074,21.54311,79.72417,251,Basement Gneiss,29.2,0.75,253.0,0.72,0.483,MEDIUM PROSPECT (UNFC-122 Probable),Zone-3_Breccia,-2.7,0.874
gumgaon,EXP-GUM-0020,21.40653,78.99282,282,Basement Gneiss,25.8,0.75,567.5,0.94,0.475,MEDIUM PROSPECT (UNFC-122 Probable),Zone-3_Breccia,-3.4,0.716
tirodi,EXP-TIR-0002,21.68831,79.71271,47,Quartzite Schist,29.6,0.83,671.8,0.81,0.623,MEDIUM PROSPECT (UNFC-122 Probable),Zone-0_Overburden,1.7,0.664
dongri-buzurg,EXP-DON-0099,21.56598,79.69731,86,Mansar Gondite Horizon,46.2,0.93,239.8,0.96,0.865,HIGH PROSPECT (UNFC-111 Proved),Zone-1_Schist,14.3,0.88
ukwa,EXP-UKW-0079,21.97056,80.44915,142,Mansar Gondite Horizon,37.6,0.93,1300.2,0.68,0.703,MEDIUM PROSPECT (UNFC-122 Probable),Zone-2_GonditeReef,6.1,0.35
dongri-buzurg,EXP-DON-0019,21.55907,79.71349,106,Quartzite Schist,34.9,0.88,1010.4,0.74,0.695,MEDIUM PROSPECT (UNFC-122 Probable),Zone-1_Schist,3.0,0.495
dongri-buzurg,EXP-DON-0029,21.53491,79.73495,58,Mansar Gondite Horizon,47.2,0.98,366.9,0.81,0.917,HIGH PROSPECT (UNFC-111 Proved),Zone-1_Schist,15.3,0.817
tirodi,EXP-TIR-0026,21.68309,79.73069,302,Basement Gneiss,29.2,0.73,0.7,0.85,0.543,MEDIUM PROSPECT (UNFC-122 Probable),Zone-4_Basement,1.3,1.0
tirodi,EXP-TIR-0067,21.69455,79.70338,67,Mansar Gondite Horizon,35.8,0.93,478.1,0.73,0.805,MEDIUM PROSPECT (UNFC-122 Probable),Zone-1_Schist,7.9,0.761
tirodi,EXP-TIR-0086,21.66307,79.71747,329,Basement Gneiss,21.4,0.75,1677.4,0.89,0.35,LOW PROSPECT (UNFC-333 Reconnaissance),Zone-4_Basement,-6.5,0.161
ukwa,EXP-UKW-0066,21.94512,80.45876,46,Basement Gneiss,26.0,0.78,1411.1,0.67,0.44,LOW PROSPECT (UNFC-333 Reconnaissance),Zone-0_Overburden,-5.5,0.294
gumgaon,EXP-GUM-0022,21.40878,79.01905,284,Basement Gneiss,23.8,0.75,1509.3,0.85,0.342,LOW PROSPECT (UNFC-333 Reconnaissance),Zone-3_Breccia,-5.4,0.245
balaghat,EXP-BAL-0012,21.81516,80.19824,201,Mansar Gondite Horizon,42.8,0.93,622.2,0.82,0.8,HIGH PROSPECT (UNFC-111 Proved),Zone-2_GonditeReef,11.1,0.689
tirodi,EXP-TIR-0051,21.66541,79.699,326,Basement Gneiss,23.3,0.73,1372.3,0.8,0.273,LOW PROSPECT (UNFC-333 Reconnaissance),Zone-4_Basement,-4.6,0.314
tirodi,EXP-TIR-0096,21.70386,79.70832,329,Basement Gneiss,26.0,0.75,180.6,0.89,0.49,MEDIUM PROSPECT (UNFC-122 Probable),Zone-4_Basement,-1.9,0.91
ukwa,EXP-UKW-0077,21.95349,80.46963,142,Mansar Gondite Horizon,37.0,0.92,1249.3,0.84,0.698,MEDIUM PROSPECT (UNFC-122 Probable),Zone-2_GonditeReef,5.5,0.375
dongri-buzurg,EXP-DON-0021,21.56162,79.72077,306,Basement Gneiss,30.7,0.73,185.3,0.66,0.479,MEDIUM PROSPECT (UNFC-122 Probable),Zone-4_Basement,-1.2,0.907
balaghat,EXP-BAL-0016,21.785,80.1716,159,Mansar Gondite Horizon,39.4,0.96,1656.5,0.65,0.752,MEDIUM PROSPECT (UNFC-122 Probable),Zone-2_GonditeReef,7.7,0.172
tirodi,EXP-TIR-0055,21.69866,79.69096,305,Basement Gneiss,25.1,0.72,245.4,0.67,0.456,MEDIUM PROSPECT (UNFC-122 Probable),Zone-4_Basement,-2.8,0.877
gumgaon,EXP-GUM-0025,21.38198,78.99228,226,Basement Gneiss,26.0,0.74,408.8,0.86,0.502,MEDIUM PROSPECT (UNFC-122 Probable),Zone-3_Breccia,-3.2,0.796
ukwa,EXP-UKW-0033,21.96159,80.48678,89,Mansar Gondite Horizon,37.0,0.94,1279.3,0.66,0.647,MEDIUM PROSPECT (UNFC-122 Probable),Zone-1_Schist,5.5,0.36
ukwa,EXP-UKW-0008,21.95555,80.47188,297,Basement Gneiss,26.1,0.74,806.5,0.72,0.437,LOW PROSPECT (UNFC-333 Reconnaissance),Zone-4_Basement,-5.4,0.597
balaghat,EXP-BAL-0010,21.7832,80.17812,61,Basement Gneiss,25.6,0.73,1236.3,0.76,0.389,LOW PROSPECT (UNFC-333 Reconnaissance),Zone-1_Schist,-6.1,0.382
tirodi,EXP-TIR-0011,21.69693,79.6991,212,Basement Gneiss,27.1,0.75,335.7,0.94,0.484,MEDIUM PROSPECT (UNFC-122 Probable),Zone-2_GonditeReef,-0.8,0.832
balaghat,EXP-BAL-0055,21.81109,80.18262,117,Quartzite Schist,32.2,0.83,486.8,0.9,0.64,MEDIUM PROSPECT (UNFC-122 Probable),Zone-2_GonditeReef,0.5,0.757
gumgaon,EXP-GUM-0010,21.40956,78.99342,57,Basement Gneiss,28.8,0.76,961.3,0.74,0.498,LOW PROSPECT (UNFC-333 Reconnaissance),Zone-1_Schist,-0.4,0.519
dongri-buzurg,EXP-DON-0081,21.56667,79.70931,231,Basement Gneiss,22.9,0.76,1456.4,0.69,0.381,LOW PROSPECT (UNFC-333 Reconnaissance),Zone-3_Breccia,-9.0,0.272
dongri-buzurg,EXP-DON-0003,21.52728,79.74182,208,Basement Gneiss,27.2,0.73,173.0,0.96,0.465,MEDIUM PROSPECT (UNFC-122 Probable),Zone-2_GonditeReef,-4.7,0.914
ukwa,EXP-UKW-0030,21.98999,80.47282,200,Basement Gneiss,23.5,0.77,1304.7,0.83,0.359,LOW PROSPECT (UNFC-333 Reconnaissance),Zone-2_GonditeReef,-8.0,0.348
dongri-buzurg,EXP-DON-0084,21.55502,79.72959,174,Basement Gneiss,29.7,0.76,290.1,0.84,0.498,MEDIUM PROSPECT (UNFC-122 Probable),Zone-2_GonditeReef,-2.2,0.855
gumgaon,EXP-GUM-0082,21.38637,79.02297,305,Basement Gneiss,23.6,0.75,1194.0,0.71,0.383,LOW PROSPECT (UNFC-333 Reconnaissance),Zone-4_Basement,-5.6,0.403
balaghat,EXP-BAL-0081,21.78873,80.17067,141,Mansar Gondite Horizon,35.8,0.9,1331.5,0.77,0.74,MEDIUM PROSPECT (UNFC-122 Probable),Zone-2_GonditeReef,4.1,0.334
dongri-buzurg,EXP-DON-0052,21.55584,79.70433,302,Basement Gneiss,29.4,0.75,219.0,0.76,0.481,MEDIUM PROSPECT (UNFC-122 Probable),Zone-4_Basement,-2.5,0.89
ukwa,EXP-UKW-0060,21.97443,80.45576,74,Quartzite Schist,38.8,0.89,242.4,0.71,0.778,HIGH PROSPECT (UNFC-111 Proved),Zone-1_Schist,7.3,0.879
ukwa,EXP-UKW-0088,21.96099,80.48207,148,Mansar Gondite Horizon,37.4,0.9,764.5,0.91,0.723,MEDIUM PROSPECT (UNFC-122 Probable),Zone-2_GonditeReef,5.9,0.618
balaghat,EXP-BAL-0069,21.82015,80.21019,338,Basement Gneiss,27.8,0.75,510.3,0.96,0.499,MEDIUM PROSPECT (UNFC-122 Probable),Zone-4_Basement,-3.9,0.745
ukwa,EXP-UKW-0090,21.96824,80.48076,98,Mansar Gondite Horizon,37.8,0.96,1444.7,0.97,0.753,MEDIUM PROSPECT (UNFC-122 Probable),Zone-1_Schist,6.3,0.278
ukwa,EXP-UKW-0006,21.94585,80.44578,324,Basement Gneiss,25.7,0.74,763.7,0.85,0.409,LOW PROSPECT (UNFC-333 Reconnaissance),Zone-4_Basement,-5.8,0.618
balaghat,EXP-BAL-0074,21.809,80.17981,162,Mansar Gondite Horizon,47.1,0.98,12.8,0.82,0.926,HIGH PROSPECT (UNFC-111 Proved),Zone-2_GonditeReef,15.4,0.994
