sample_id,lat,lon,swir_band11,swir_band12,magnetic_susceptibility_nt,vein_depth_m,estimated_grade_mn,indicated_tonnes
SWIR-LOC-1000,21.797018,80.172751,0.665,0.676,82.2,165.7,42.88,1942184
SWIR-LOC-1001,21.665992,80.170553,0.533,0.805,40.1,195.3,38.35,1792617
SWIR-LOC-1002,21.71609,80.173355,0.583,0.667,46.6,210.9,36.91,1704494
SWIR-LOC-1003,21.734583,80.218996,0.408,0.369,88.5,155.9,38.78,1789915
SWIR-LOC-1004,21.808858,80.290045,0.343,0.58,7.5,260.5,33.17,1650185
SWIR-LOC-1005,21.664927,80.161153,0.878,0.501,100.4,100.3,45.33,2102637
SWIR-LOC-1006,21.666891,80.041653,0.248,0.238,166.5,284.0,38.87,1934796
SWIR-LOC-1007,21.925044,80.213199,0.456,0.244,110.6,220.7,40.09,1930358
SWIR-LOC-1008,21.813711,80.162045,0.825,0.674,11.6,47.7,42.85,1950538
SWIR-LOC-1009,21.744886,80.159378,0.304,0.308,20.5,90.1,36.81,1701430
SWIR-LOC-1010,21.695365,80.094024,0.81,0.597,48.3,84.2,41.75,2046789
SWIR-LOC-1011,21.764778,80.133445,0.423,0.281,122.5,190.9,40.06,1820980
SWIR-LOC-1012,21.812381,80.174598,0.279,0.847,116.6,96.2,39.6,1842094
SWIR-LOC-1013,21.759884,80.045867,0.63,0.254,38.9,310.1,38.12,1843678
SWIR-LOC-1014,21.858745,80.168677,0.739,0.641,27.7,173.1,39.94,1832300
SWIR-LOC-1015,21.832692,80.207055,0.659,0.644,71.9,264.7,40.38,1947959
SWIR-LOC-1016,21.721046,80.253123,0.734,0.713,71.9,238.7,42.84,2098962
SWIR-LOC-1017,21.680983,80.229987,0.676,0.731,-4.1,88.4,40.74,1973258
SWIR-LOC-1018,21.744779,80.076646,0.377,0.278,75.8,253.4,35.9,1732670
SWIR-LOC-1019,21.937772,80.125569,0.79,0.713,29.3,271.7,39.44,1813783
SWIR-LOC-1020,21.778545,80.319297,0.737,0.806,47.2,69.9,43.32,2137499
SWIR-LOC-1021,21.877829,80.229143,0.543,0.703,81.1,143.9,39.68,1903052
SWIR-LOC-1022,21.869701,80.265407,0.459,0.567,3.9,56.8,39.02,1797696
SWIR-LOC-1023,21.674017,80.269318,0.804,0.607,45.3,169.4,41.95,2005659
SWIR-LOC-1024,21.666859,80.28219,0.541,0.576,86.3,131.4,42.18,1955946
SWIR-LOC-1025,21.880438,80.141075,0.753,0.253,16.0,204.5,41.16,1975995
SWIR-LOC-1026,21.700273,80.123913,0.257,0.362,10.6,49.8,37.29,1745712
SWIR-LOC-1027,21.75845,80.243365,0.73,0.584,69.9,247.6,40.97,1931201
SWIR-LOC-1028,21.778484,80.177298,0.756,0.567,87.3,103.6,45.66,2099113
SWIR-LOC-1029,21.79939,80.24776,0.772,0.732,85.5,269.3,42.31,1951859
SWIR-LOC-1030,21.921642,80.220673,0.729,0.419,119.2,123.8,45.6,2232790
SWIR-LOC-1031,21.66214,80.217974,0.482,0.656,79.3,113.0,40.29,1851036
SWIR-LOC-1032,21.924772,80.230092,0.707,0.68,52.4,155.4,42.34,2037868
SWIR-LOC-1033,21.856203,80.174414,0.295,0.492,90.4,306.0,35.54,1701261
SWIR-LOC-1034,21.894556,80.320539,0.746,0.201,44.9,62.2,42.72,2065133
SWIR-LOC-1035,21.672965,80.185276,0.803,0.663,18.0,152.8,42.85,2048616
SWIR-LOC-1036,21.862419,80.158692,0.841,0.753,60.9,226.4,41.98,1965515
SWIR-LOC-1037,21.678413,80.167097,0.451,0.838,62.7,160.4,39.99,1900411
SWIR-LOC-1038,21.697435,80.076933,0.315,0.415,42.4,251.8,35.92,1789696
SWIR-LOC-1039,21.879666,80.254655,0.228,0.783,87.7,229.2,36.75,1717010
SWIR-LOC-1040,21.804795,80.097083,0.295,0.789,113.7,128.4,38.35,1762731
SWIR-LOC-1041,21.680274,80.16632,0.31,0.384,20.6,154.3,33.67,1637710
SWIR-LOC-1042,21.671876,80.251667,0.804,0.724,106.2,128.1,45.47,2205254
SWIR-LOC-1043,21.808302,80.178975,0.263,0.499,123.3,107.8,38.67,1764628
SWIR-LOC-1044,21.750149,80.077386,0.723,0.396,96.2,264.0,43.01,1952079
SWIR-LOC-1045,21.844448,80.105235,0.774,0.766,66.4,183.7,43.02,1952711
SWIR-LOC-1046,21.839604,80.304915,0.816,0.253,55.6,57.4,44.31,2038754
SWIR-LOC-1047,21.851722,80.103472,0.211,0.509,58.2,217.3,35.71,1626939
SWIR-LOC-1048,21.769352,80.080843,0.361,0.746,54.0,60.3,38.29,1847670
SWIR-LOC-1049,21.900641,80.116024,0.753,0.332,45.0,75.3,41.42,1991222
SWIR-LOC-1050,21.780622,80.169521,0.707,0.384,25.3,97.8,41.52,2040765
SWIR-LOC-1051,21.650569,80.045171,0.379,0.31,34.6,104.0,37.27,1712371
SWIR-LOC-1052,21.868412,80.211555,0.667,0.564,110.8,279.5,42.03,1930125
SWIR-LOC-1053,21.823526,80.259316,0.624,0.488,87.6,166.6,43.25,2078043
SWIR-LOC-1054,21.685117,80.315921,0.869,0.51,91.4,80.2,44.82,2184239
SWIR-LOC-1055,21.790642,80.171012,0.423,0.567,18.9,290.5,34.55,1621325
SWIR-LOC-1056,21.808762,80.311187,0.516,0.183,55.5,179.5,38.61,1853999
SWIR-LOC-1057,21.787375,80.09336,0.71,0.636,69.5,221.8,40.62,2000701
SWIR-LOC-1058,21.654559,80.200843,0.513,0.56,62.2,190.2,36.05,1733861
SWIR-LOC-1059,21.684866,80.29551,0.222,0.822,25.1,209.8,34.27,1629828
SWIR-LOC-1060,21.699434,80.093983,0.687,0.342,61.0,250.5,38.87,1761940
SWIR-LOC-1061,21.812274,80.229553,0.522,0.256,72.5,292.9,39.59,1954025
SWIR-LOC-1062,21.948654,80.051529,0.848,0.673,-27.2,131.8,41.84,1966530
SWIR-LOC-1063,21.796722,80.219685,0.335,0.832,42.1,312.6,34.07,1710472
SWIR-LOC-1064,21.915031,80.04082,0.469,0.698,71.7,297.6,38.48,1823092
SWIR-LOC-1065,21.714056,80.237812,0.803,0.724,48.9,295.3,39.74,1931572
SWIR-LOC-1066,21.94399,80.043519,0.414,0.228,112.3,300.2,36.4,1728235
SWIR-LOC-1067,21.878009,80.299608,0.854,0.215,60.0,104.8,45.43,2243986
SWIR-LOC-1068,21.673164,80.115545,0.534,0.393,68.9,131.8,40.81,1891583
SWIR-LOC-1069,21.907956,80.052166,0.372,0.32,111.6,175.4,40.21,1822101
SWIR-LOC-1070,21.779347,80.241146,0.769,0.35,72.6,231.9,41.83,1972158
SWIR-LOC-1071,21.783648,80.152997,0.541,0.487,58.4,50.3,43.0,2097199
SWIR-LOC-1072,21.830562,80.162895,0.312,0.329,50.6,266.4,33.68,1573988
SWIR-LOC-1073,21.753776,80.131106,0.549,0.574,112.2,130.8,42.77,1945386
SWIR-LOC-1074,21.856926,80.049254,0.322,0.197,93.6,150.8,38.78,1937841
SWIR-LOC-1075,21.744538,80.199538,0.545,0.276,41.1,83.1,40.96,2007101
SWIR-LOC-1076,21.900839,80.049933,0.365,0.589,44.5,179.0,37.0,1681805
SWIR-LOC-1077,21.735913,80.155116,0.267,0.633,44.5,240.1,34.3,1660100
SWIR-LOC-1078,21.674953,80.098057,0.843,0.721,55.8,178.3,45.65,2119088
SWIR-LOC-1079,21.734232,80.030513,0.384,0.777,9.4,288.2,34.01,1717871
SWIR-LOC-1080,21.922119,80.274587,0.672,0.697,96.3,138.5,42.44,1942697
SWIR-LOC-1081,21.679061,80.291161,0.804,0.337,33.1,312.0,38.74,1820040
SWIR-LOC-1082,21.784422,80.224827,0.708,0.706,-4.8,89.8,41.97,1981112
SWIR-LOC-1083,21.762901,80.064343,0.445,0.357,28.1,219.5,36.44,1655867
SWIR-LOC-1084,21.847806,80.270777,0.505,0.492,108.4,284.6,39.4,1935480
SWIR-LOC-1085,21.900295,80.126919,0.636,0.509,44.8,72.9,43.61,2077950
SWIR-LOC-1086,21.905381,80.138641,0.5,0.32,75.1,46.5,40.25,1965978
SWIR-LOC-1087,21.889631,80.27927,0.691,0.39,76.2,208.9,41.95,2087202
SWIR-LOC-1088,21.761317,80.101383,0.337,0.279,90.7,93.6,38.47,1780161
SWIR-LOC-1089,21.763956,80.273513,0.32,0.53,112.2,52.4,38.22,1895587
SWIR-LOC-1090,21.777783,80.299396,0.477,0.45,66.2,80.4,40.41,1847819
SWIR-LOC-1091,21.724065,80.247925,0.629,0.379,39.6,124.3,39.84,1847357
SWIR-LOC-1092,21.772928,80.155444,0.544,0.438,95.2,157.5,41.86,2028678
SWIR-LOC-1093,21.744301,80.041665,0.493,0.22,105.5,67.7,40.86,2037929
SWIR-LOC-1094,21.71971,80.169012,0.379,0.801,48.0,103.2,40.18,1888059
SWIR-LOC-1095,21.860298,80.094212,0.704,0.547,71.4,98.3,43.64,2002999
SWIR-LOC-1096,21.763719,80.314209,0.247,0.348,98.7,301.9,34.33,1740396
SWIR-LOC-1097,21.904396,80.139749,0.236,0.59,97.1,149.7,35.92,1668284
SWIR-LOC-1098,21.850267,80.096949,0.612,0.313,84.3,138.8,41.98,2067652
SWIR-LOC-1099,21.926166,80.311845,0.868,0.824,96.3,168.6,46.65,2207924
SWIR-LOC-1100,21.922147,80.255383,0.842,0.736,36.9,300.5,41.78,1942441
SWIR-LOC-1101,21.851277,80.042445,0.685,0.778,122.0,45.4,46.82,2239579
SWIR-LOC-1102,21.913887,80.115182,0.791,0.654,79.3,295.2,42.88,2117628
SWIR-LOC-1103,21.847655,80.253637,0.486,0.598,67.9,217.1,38.21,1839399
SWIR-LOC-1104,21.826637,80.244171,0.384,0.187,100.7,177.3,38.27,1810225
SWIR-LOC-1105,21.7502,80.230206,0.478,0.24,78.2,46.8,41.74,1989471
SWIR-LOC-1106,21.736037,80.167552,0.849,0.548,1.0,165.2,41.67,1990194
SWIR-LOC-1107,21.706678,80.167736,0.695,0.478,54.4,140.3,44.39,2027577
SWIR-LOC-1108,21.778796,80.312262,0.767,0.475,49.1,112.7,44.5,2058541
SWIR-LOC-1109,21.827571,80.203462,0.366,0.573,75.5,119.2,39.62,1946614
SWIR-LOC-1110,21.787687,80.092165,0.645,0.601,20.9,99.4,39.33,1796183
SWIR-LOC-1111,21.788108,80.046429,0.364,0.184,139.9,45.6,40.4,1940015
SWIR-LOC-1112,21.837051,80.323243,0.693,0.761,99.5,103.4,43.68,1997618
SWIR-LOC-1113,21.811479,80.054653,0.588,0.383,70.3,106.6,41.23,1943713
SWIR-LOC-1114,21.689844,80.245679,0.614,0.37,102.9,43.1,44.31,2165922
SWIR-LOC-1115,21.877645,80.260778,0.744,0.344,60.6,121.8,43.22,1994502
SWIR-LOC-1116,21.918941,80.244155,0.501,0.426,103.6,54.3,42.33,1938331
SWIR-LOC-1117,21.728049,80.126508,0.498,0.52,82.8,223.1,38.29,1749981
SWIR-LOC-1118,21.800831,80.196396,0.523,0.573,72.1,117.9,42.18,1969436
SWIR-LOC-1119,21.828574,80.119497,0.702,0.498,56.3,96.0,42.27,1933171
SWIR-LOC-1120,21.7299,80.185345,0.481,0.184,34.7,77.9,37.89,1755336
SWIR-LOC-1121,21.707854,80.133511,0.749,0.351,47.9,113.4,43.26,2106215
SWIR-LOC-1122,21.802851,80.109445,0.358,0.632,69.0,218.6,36.45,1833713
SWIR-LOC-1123,21.709372,80.32059,0.801,0.652,64.4,173.6,44.5,2041848
SWIR-LOC-1124,21.947629,80.208733,0.25,0.593,18.6,317.8,31.42,1497241
SWIR-LOC-1125,21.908541,80.322154,0.763,0.747,76.7,316.7,40.82,1929404
SWIR-LOC-1126,21.948835,80.181638,0.341,0.309,40.4,192.0,33.99,1556344
SWIR-LOC-1127,21.892251,80.164235,0.245,0.632,72.6,99.2,35.78,1699525
SWIR-LOC-1128,21.746985,80.148927,0.623,0.518,53.0,46.1,42.75,2048071
SWIR-LOC-1129,21.703619,80.309299,0.334,0.277,42.3,152.0,36.75,1768880
SWIR-LOC-1130,21.794743,80.283287,0.511,0.25,36.7,260.8,39.01,1782568
SWIR-LOC-1131,21.752734,80.302581,0.873,0.461,72.4,89.2,45.5,2059505
SWIR-LOC-1132,21.74696,80.232419,0.26,0.374,89.3,290.4,32.48,1562167
SWIR-LOC-1133,21.832458,80.314331,0.561,0.771,44.6,128.7,39.36,1806251
SWIR-LOC-1134,21.840243,80.062382,0.338,0.238,103.2,304.2,38.52,1836280
SWIR-LOC-1135,21.9058,80.206683,0.455,0.7,103.1,199.4,42.88,2053031
SWIR-LOC-1136,21.767386,80.15541,0.417,0.565,105.3,91.9,39.98,1824885
SWIR-LOC-1137,21.836675,80.290852,0.458,0.603,150.2,44.6,43.77,2082911
SWIR-LOC-1138,21.764976,80.121429,0.478,0.775,-21.1,128.3,38.44,1894885
SWIR-LOC-1139,21.751579,80.246779,0.405,0.315,52.5,222.0,34.05,1576313
SWIR-LOC-1140,21.808531,80.184918,0.346,0.225,35.0,54.0,37.33,1788270
SWIR-LOC-1141,21.919922,80.051848,0.668,0.333,29.7,180.9,41.78,1990509
SWIR-LOC-1142,21.709638,80.144565,0.842,0.581,126.3,220.8,45.72,2184695
SWIR-LOC-1143,21.774907,80.084029,0.302,0.313,67.4,181.4,35.32,1704017
SWIR-LOC-1144,21.666761,80.112562,0.737,0.435,131.3,103.6,45.97,2236316
SWIR-LOC-1145,21.890871,80.197929,0.457,0.634,46.5,300.0,35.65,1633003
SWIR-LOC-1146,21.860085,80.150639,0.508,0.502,74.4,171.3,39.88,1961340
SWIR-LOC-1147,21.899186,80.189674,0.688,0.465,89.1,86.3,45.93,2108170
SWIR-LOC-1148,21.803158,80.199301,0.403,0.243,60.4,293.3,36.84,1842534
SWIR-LOC-1149,21.917087,80.194205,0.867,0.435,34.1,173.4,44.91,2082105
SWIR-LOC-1150,21.726515,80.320631,0.814,0.327,120.9,67.7,46.28,2100060
SWIR-LOC-1151,21.705649,80.182369,0.343,0.232,93.8,196.2,37.41,1762877
SWIR-LOC-1152,21.812126,80.234886,0.625,0.183,124.8,118.6,43.85,2080922
SWIR-LOC-1153,21.917084,80.242376,0.624,0.265,58.4,178.9,40.9,1964328
SWIR-LOC-1154,21.929595,80.216914,0.406,0.198,82.8,65.8,38.12,1866902
SWIR-LOC-1155,21.856107,80.289092,0.726,0.514,20.5,52.8,42.29,2047178
SWIR-LOC-1156,21.885947,80.135775,0.225,0.216,16.7,310.0,32.94,1525651
SWIR-LOC-1157,21.869623,80.224952,0.236,0.18,41.1,46.4,36.96,1828673
SWIR-LOC-1158,21.945278,80.097196,0.723,0.632,70.4,213.8,42.61,2073844
SWIR-LOC-1159,21.718682,80.294614,0.461,0.721,28.8,113.3,37.6,1781745
SWIR-LOC-1160,21.842507,80.295901,0.87,0.233,130.8,69.2,48.48,2283457
SWIR-LOC-1161,21.910284,80.288464,0.789,0.809,24.2,72.6,45.07,2163252
SWIR-LOC-1162,21.919741,80.27175,0.496,0.577,135.7,55.8,44.13,2145891
SWIR-LOC-1163,21.811078,80.033824,0.824,0.202,88.4,304.3,41.22,1969083
SWIR-LOC-1164,21.75004,80.086674,0.813,0.721,89.4,261.6,43.11,1989736
SWIR-LOC-1165,21.736591,80.2675,0.778,0.506,14.0,283.3,39.36,1968773
SWIR-LOC-1166,21.746169,80.32959,0.434,0.785,21.8,59.0,37.41,1832174
SWIR-LOC-1167,21.8992,80.036918,0.481,0.37,45.0,132.6,37.19,1781208
SWIR-LOC-1168,21.837146,80.192255,0.776,0.403,39.1,295.8,40.61,2022446
SWIR-LOC-1169,21.679895,80.069777,0.769,0.252,61.4,185.4,44.23,2160911
SWIR-LOC-1170,21.822633,80.279523,0.603,0.654,103.7,132.1,45.44,2078361
SWIR-LOC-1171,21.678564,80.126889,0.46,0.236,33.2,195.3,36.16,1745924
SWIR-LOC-1172,21.692181,80.206731,0.316,0.248,66.0,249.5,34.7,1754895
SWIR-LOC-1173,21.7642,80.143145,0.524,0.54,103.4,314.9,37.53,1727246
SWIR-LOC-1174,21.744496,80.183192,0.546,0.276,43.0,121.8,37.45,1712825
SWIR-LOC-1175,21.925267,80.097386,0.28,0.831,117.7,249.7,37.58,1752289
SWIR-LOC-1176,21.930127,80.04745,0.793,0.275,80.4,179.4,43.8,2141396
SWIR-LOC-1177,21.818986,80.264389,0.716,0.792,50.7,106.3,43.09,1950811
SWIR-LOC-1178,21.902865,80.294135,0.364,0.578,31.5,288.9,34.0,1608283
SWIR-LOC-1179,21.677188,80.17867,0.875,0.35,59.8,86.6,44.34,2034127
SWIR-LOC-1180,21.867784,80.306378,0.475,0.654,61.5,260.2,37.66,1780700
SWIR-LOC-1181,21.890579,80.177214,0.692,0.755,52.4,162.6,42.35,2067497
SWIR-LOC-1182,21.93616,80.167533,0.473,0.272,57.8,53.9,40.61,1937259
SWIR-LOC-1183,21.789189,80.077515,0.741,0.24,105.6,87.8,44.37,2042222
SWIR-LOC-1184,21.922531,80.048911,0.418,0.306,62.1,119.3,38.22,1750877
SWIR-LOC-1185,21.918921,80.040473,0.742,0.621,73.0,279.5,40.96,1956829
SWIR-LOC-1186,21.69361,80.266649,0.466,0.369,30.9,312.6,34.81,1699073
SWIR-LOC-1187,21.890672,80.08904,0.414,0.408,90.2,104.1,39.13,1925032
SWIR-LOC-1188,21.669856,80.110269,0.872,0.524,75.6,76.3,46.29,2143836
SWIR-LOC-1189,21.742436,80.065226,0.772,0.542,17.0,141.8,43.66,1976682
SWIR-LOC-1190,21.928811,80.08596,0.23,0.299,40.3,133.5,34.0,1614074
SWIR-LOC-1191,21.866443,80.122297,0.39,0.402,102.4,288.2,39.41,1791209
SWIR-LOC-1192,21.938252,80.065108,0.855,0.549,87.8,41.3,47.1,2181375
SWIR-LOC-1193,21.792908,80.139826,0.506,0.68,82.0,175.1,40.49,1878111
SWIR-LOC-1194,21.903444,80.240892,0.41,0.418,69.2,43.5,38.47,1919128
SWIR-LOC-1195,21.70862,80.242967,0.623,0.483,96.4,101.7,43.05,2016625
SWIR-LOC-1196,21.746,80.203983,0.29,0.483,90.4,236.0,36.64,1776969
SWIR-LOC-1197,21.813136,80.099749,0.42,0.565,65.6,73.0,39.16,1938338
SWIR-LOC-1198,21.873862,80.254422,0.365,0.326,39.6,61.8,38.33,1777876
SWIR-LOC-1199,21.931986,80.269956,0.726,0.526,30.3,86.0,46.34,2139112
SWIR-LOC-1200,21.817411,80.14737,0.842,0.371,28.8,280.5,41.32,2031707
SWIR-LOC-1201,21.857847,80.143691,0.802,0.713,-16.4,85.1,41.33,1969522
SWIR-LOC-1202,21.718741,80.272158,0.69,0.217,12.1,311.8,37.62,1830479
SWIR-LOC-1203,21.846805,80.249475,0.652,0.438,31.5,167.4,42.41,2105230
SWIR-LOC-1204,21.904274,80.112831,0.701,0.447,33.7,44.0,42.96,2003277
SWIR-LOC-1205,21.807907,80.14324,0.696,0.289,71.2,267.8,41.03,2013075
SWIR-LOC-1206,21.786761,80.226668,0.441,0.414,124.5,245.5,39.63,1871258
SWIR-LOC-1207,21.89904,80.042698,0.725,0.632,59.3,163.9,44.03,2180681
SWIR-LOC-1208,21.923384,80.250152,0.482,0.359,32.7,158.6,38.34,1801352
SWIR-LOC-1209,21.816817,80.3137,0.831,0.423,57.3,77.9,43.26,1964385
SWIR-LOC-1210,21.757528,80.144851,0.339,0.455,95.8,182.2,38.85,1865625
SWIR-LOC-1211,21.930905,80.046469,0.731,0.366,90.2,249.0,45.29,2096035
SWIR-LOC-1212,21.929022,80.062271,0.43,0.535,85.3,107.5,38.11,1752952
SWIR-LOC-1213,21.947021,80.259093,0.484,0.591,118.7,138.3,40.2,1918968
SWIR-LOC-1214,21.779139,80.235288,0.67,0.261,18.1,210.5,37.76,1874245
SWIR-LOC-1215,21.696066,80.286788,0.508,0.846,15.8,245.8,35.63,1708068
SWIR-LOC-1216,21.671134,80.195697,0.275,0.471,56.8,147.2,33.92,1560764
SWIR-LOC-1217,21.726945,80.055183,0.553,0.443,23.6,256.8,36.68,1773599
SWIR-LOC-1218,21.699208,80.163268,0.253,0.848,64.9,262.0,36.1,1638489
SWIR-LOC-1219,21.667891,80.076667,0.662,0.362,83.0,278.0,41.25,1916822
SWIR-LOC-1220,21.675929,80.186913,0.499,0.605,50.2,117.1,39.98,1976841
SWIR-LOC-1221,21.938086,80.147184,0.86,0.35,27.0,133.2,42.73,2024319
SWIR-LOC-1222,21.829736,80.066918,0.765,0.735,86.4,263.8,41.61,2055936
SWIR-LOC-1223,21.922686,80.112973,0.775,0.41,25.4,241.3,38.9,1853663
SWIR-LOC-1224,21.669623,80.23937,0.417,0.836,72.1,72.6,40.02,1888763
SWIR-LOC-1225,21.729557,80.283456,0.617,0.444,69.5,77.3,44.42,2144243
SWIR-LOC-1226,21.727202,80.3133,0.689,0.529,63.4,297.7,40.94,1985413
SWIR-LOC-1227,21.867451,80.306628,0.387,0.709,19.7,249.8,32.49,1618340
SWIR-LOC-1228,21.676466,80.311259,0.304,0.295,79.4,253.7,33.93,1678026
SWIR-LOC-1229,21.783964,80.064611,0.546,0.239,44.0,105.4,39.0,1830921
SWIR-LOC-1230,21.764375,80.188438,0.864,0.828,95.0,113.3,43.96,2143042
SWIR-LOC-1231,21.789671,80.092368,0.21,0.698,101.8,52.5,39.13,1814483
SWIR-LOC-1232,21.715602,80.16178,0.285,0.65,34.3,119.5,35.13,1627952
SWIR-LOC-1233,21.838763,80.152162,0.737,0.249,34.7,245.6,39.85,1893174
SWIR-LOC-1234,21.948945,80.118351,0.571,0.506,139.4,138.3,42.83,2094670
SWIR-LOC-1235,21.719266,80.205818,0.201,0.342,77.9,239.6,35.02,1713097
SWIR-LOC-1236,21.762615,80.118575,0.63,0.74,90.4,163.3,42.26,1986639
SWIR-LOC-1237,21.861663,80.078953,0.235,0.181,20.2,69.1,35.07,1664723
SWIR-LOC-1238,21.677114,80.046775,0.684,0.269,17.1,281.7,40.29,1973706
SWIR-LOC-1239,21.823709,80.047138,0.397,0.737,63.6,170.6,37.99,1877038
SWIR-LOC-1240,21.87336,80.309063,0.612,0.685,34.5,98.6,41.74,1997327
SWIR-LOC-1241,21.876925,80.091473,0.512,0.694,46.0,111.8,39.44,1931720
SWIR-LOC-1242,21.825662,80.078245,0.423,0.185,63.5,79.1,40.5,1979722
SWIR-LOC-1243,21.765361,80.231286,0.387,0.427,75.2,312.2,35.51,1786228
SWIR-LOC-1244,21.938188,80.297027,0.483,0.467,29.4,286.4,35.5,1725151
SWIR-LOC-1245,21.856723,80.198264,0.32,0.193,39.2,150.1,36.7,1777623
SWIR-LOC-1246,21.841141,80.131754,0.22,0.712,161.4,126.0,39.23,1889408
SWIR-LOC-1247,21.926266,80.137172,0.388,0.207,69.4,197.6,37.6,1709154
SWIR-LOC-1248,21.753447,80.078324,0.797,0.786,99.2,226.1,45.32,2087229
SWIR-LOC-1249,21.837059,80.101816,0.527,0.776,90.2,219.2,38.5,1929976
SWIR-LOC-1250,21.788521,80.326115,0.819,0.347,70.0,295.1,41.87,1908306
SWIR-LOC-1251,21.723699,80.108451,0.214,0.518,42.5,291.8,32.74,1622657
SWIR-LOC-1252,21.675393,80.035077,0.37,0.547,4.4,148.6,35.18,1666741
SWIR-LOC-1253,21.765487,80.121811,0.474,0.484,28.7,316.9,35.13,1697584
SWIR-LOC-1254,21.91279,80.037155,0.863,0.528,85.2,94.8,42.63,1986214
SWIR-LOC-1255,21.893515,80.20293,0.681,0.758,65.9,243.0,42.98,2065731
SWIR-LOC-1256,21.848837,80.13421,0.656,0.461,112.2,77.1,46.07,2183241
SWIR-LOC-1257,21.821926,80.104502,0.459,0.744,39.4,108.5,37.62,1842680
SWIR-LOC-1258,21.868123,80.278053,0.717,0.749,82.2,202.9,43.26,2065708
SWIR-LOC-1259,21.873816,80.304385,0.324,0.271,69.6,243.6,36.43,1767953
SWIR-LOC-1260,21.703194,80.089849,0.676,0.556,70.7,103.5,43.09,1977092
SWIR-LOC-1261,21.706294,80.175098,0.505,0.717,73.0,143.7,40.85,1914428
SWIR-LOC-1262,21.718641,80.288292,0.864,0.754,105.6,186.5,47.44,2203278
SWIR-LOC-1263,21.74063,80.32527,0.629,0.788,113.9,163.8,41.32,1907626
SWIR-LOC-1264,21.774666,80.097891,0.243,0.359,102.5,232.8,34.99,1656316
SWIR-LOC-1265,21.813475,80.122132,0.374,0.844,54.4,185.0,36.67,1687404
SWIR-LOC-1266,21.859038,80.128164,0.798,0.376,58.1,53.7,42.72,1993683
SWIR-LOC-1267,21.71041,80.094819,0.539,0.543,82.5,200.9,43.01,2133089
SWIR-LOC-1268,21.754434,80.040755,0.642,0.447,97.6,57.9,45.72,2120178
SWIR-LOC-1269,21.738762,80.256398,0.61,0.501,77.0,249.4,39.99,1813518
SWIR-LOC-1270,21.795087,80.276102,0.858,0.45,66.7,160.1,47.04,2185441
SWIR-LOC-1271,21.676275,80.228069,0.314,0.511,57.5,184.3,36.02,1798995
SWIR-LOC-1272,21.718392,80.083116,0.735,0.263,87.9,68.2,45.43,2064532
SWIR-LOC-1273,21.766937,80.101511,0.464,0.26,30.3,135.4,34.54,1632601
SWIR-LOC-1274,21.785347,80.146789,0.725,0.677,87.0,127.9,44.51,2101260
SWIR-LOC-1275,21.942343,80.095753,0.406,0.818,72.9,179.7,37.87,1872068
SWIR-LOC-1276,21.651306,80.280926,0.837,0.357,65.4,67.0,45.96,2213453
SWIR-LOC-1277,21.70043,80.215297,0.58,0.81,51.7,44.8,40.73,2010736
SWIR-LOC-1278,21.846775,80.073907,0.46,0.82,46.9,92.3,39.99,1906798
SWIR-LOC-1279,21.86537,80.293308,0.26,0.3,95.6,105.3,38.92,1918733
SWIR-LOC-1280,21.880262,80.127098,0.871,0.316,78.3,147.3,47.08,2236351
SWIR-LOC-1281,21.918344,80.125699,0.772,0.262,-16.0,271.9,37.15,1829822
SWIR-LOC-1282,21.793613,80.298789,0.276,0.546,65.2,70.8,37.21,1791877
SWIR-LOC-1283,21.72894,80.291985,0.482,0.253,72.7,315.8,39.95,1976123
SWIR-LOC-1284,21.673041,80.086104,0.519,0.441,79.5,312.9,37.89,1746809
SWIR-LOC-1285,21.900456,80.161358,0.826,0.339,104.0,69.8,49.19,2324253
SWIR-LOC-1286,21.694823,80.039152,0.436,0.258,97.2,115.3,40.65,1917713
SWIR-LOC-1287,21.796923,80.031303,0.809,0.837,39.2,304.4,40.15,1827930
SWIR-LOC-1288,21.8867,80.227505,0.667,0.478,104.1,207.7,43.92,2155416
SWIR-LOC-1289,21.935597,80.187298,0.424,0.589,101.3,105.3,40.49,1983028
SWIR-LOC-1290,21.821606,80.20495,0.86,0.382,60.1,245.1,43.98,2147648
SWIR-LOC-1291,21.750988,80.085104,0.752,0.402,82.6,232.3,42.2,2009136
SWIR-LOC-1292,21.695656,80.277533,0.264,0.786,-6.0,169.6,32.35,1614826
SWIR-LOC-1293,21.827224,80.197027,0.572,0.833,88.5,82.8,39.45,1966998
SWIR-LOC-1294,21.685464,80.034965,0.281,0.737,75.0,182.3,37.59,1769742
SWIR-LOC-1295,21.693646,80.223791,0.843,0.782,45.6,218.6,42.93,2098615
SWIR-LOC-1296,21.827232,80.031803,0.25,0.419,91.3,142.3,39.3,1797291
SWIR-LOC-1297,21.809344,80.209152,0.359,0.441,77.6,128.8,36.84,1792110
SWIR-LOC-1298,21.905356,80.107086,0.848,0.635,55.1,57.5,45.18,2066569
SWIR-LOC-1299,21.707184,80.292117,0.757,0.58,54.5,98.6,42.11,2085177
SWIR-LOC-1300,21.929656,80.1633,0.817,0.706,77.4,91.1,46.51,2284967
SWIR-LOC-1301,21.824656,80.26387,0.401,0.461,81.5,218.7,37.66,1746408
SWIR-LOC-1302,21.832886,80.198652,0.502,0.229,21.3,86.4,36.79,1817109
SWIR-LOC-1303,21.895637,80.22655,0.456,0.825,41.4,71.4,37.53,1732373
SWIR-LOC-1304,21.769102,80.154723,0.708,0.646,56.5,296.1,39.55,1818621
SWIR-LOC-1305,21.929436,80.190627,0.361,0.633,96.2,319.9,35.3,1769308
SWIR-LOC-1306,21.82181,80.272896,0.427,0.629,33.9,109.3,37.5,1717331
SWIR-LOC-1307,21.698928,80.035082,0.641,0.762,77.5,269.4,42.57,1985359
SWIR-LOC-1308,21.77426,80.072088,0.634,0.761,68.1,155.0,43.21,2109523
SWIR-LOC-1309,21.801955,80.041118,0.288,0.302,111.3,238.9,39.81,1851158
SWIR-LOC-1310,21.831553,80.090186,0.822,0.557,94.6,109.3,45.94,2160700
SWIR-LOC-1311,21.706017,80.218322,0.758,0.579,90.7,74.1,45.93,2205982
SWIR-LOC-1312,21.782328,80.257113,0.712,0.198,112.6,83.1,45.24,2056830
SWIR-LOC-1313,21.931658,80.251447,0.549,0.775,64.8,108.0,41.12,2044403
SWIR-LOC-1314,21.768138,80.084118,0.362,0.589,90.8,225.0,36.37,1674677
SWIR-LOC-1315,21.733791,80.081696,0.697,0.827,107.8,157.2,45.08,2062575
SWIR-LOC-1316,21.848481,80.25935,0.676,0.3,49.0,102.8,42.16,1928984
SWIR-LOC-1317,21.720146,80.270903,0.865,0.188,103.8,114.4,47.32,2251975
SWIR-LOC-1318,21.922417,80.134256,0.811,0.248,88.8,112.1,45.35,2197386
SWIR-LOC-1319,21.873834,80.2798,0.687,0.589,73.8,106.6,42.98,2034579
SWIR-LOC-1320,21.912565,80.178023,0.88,0.343,86.8,295.2,44.08,2064011
SWIR-LOC-1321,21.865657,80.098128,0.637,0.834,69.2,63.3,43.85,2074935
SWIR-LOC-1322,21.73491,80.254118,0.419,0.834,78.1,105.8,40.73,1877281
SWIR-LOC-1323,21.945713,80.279214,0.865,0.339,70.7,44.8,47.15,2244335
SWIR-LOC-1324,21.698002,80.174681,0.753,0.5,82.4,291.4,43.66,1998556
SWIR-LOC-1325,21.858155,80.040192,0.332,0.203,75.8,52.9,37.98,1844376
SWIR-LOC-1326,21.931443,80.173185,0.725,0.692,99.6,130.1,43.52,1975813
SWIR-LOC-1327,21.798842,80.080387,0.507,0.772,84.9,80.0,42.17,1922042
SWIR-LOC-1328,21.661804,80.315084,0.875,0.212,45.2,304.0,44.75,2110941
SWIR-LOC-1329,21.777899,80.090995,0.211,0.71,48.3,69.5,36.23,1783841
SWIR-LOC-1330,21.812189,80.167865,0.72,0.491,125.9,151.1,45.62,2219373
SWIR-LOC-1331,21.773308,80.070503,0.764,0.686,104.9,87.1,48.48,2196841
SWIR-LOC-1332,21.679778,80.268223,0.672,0.538,48.4,201.5,40.31,1840389
SWIR-LOC-1333,21.740508,80.074868,0.34,0.429,0.2,82.6,36.3,1748982
SWIR-LOC-1334,21.823186,80.044829,0.75,0.771,-39.3,281.3,37.3,1714025
SWIR-LOC-1335,21.755195,80.244975,0.789,0.355,69.3,104.0,44.0,2147756
SWIR-LOC-1336,21.805531,80.085203,0.454,0.388,37.3,86.7,37.79,1862541
SWIR-LOC-1337,21.710196,80.074449,0.374,0.46,37.8,246.2,34.15,1697586
SWIR-LOC-1338,21.696662,80.297736,0.384,0.64,49.7,280.1,35.26,1655578
SWIR-LOC-1339,21.742301,80.150507,0.568,0.531,96.8,129.8,43.4,2047142
SWIR-LOC-1340,21.947767,80.06728,0.794,0.467,83.5,190.1,44.56,2137806
SWIR-LOC-1341,21.661846,80.141165,0.5,0.749,87.7,267.8,40.83,1890381
SWIR-LOC-1342,21.675657,80.224769,0.588,0.326,76.0,261.9,40.07,1854580
SWIR-LOC-1343,21.942679,80.232566,0.223,0.22,63.2,146.9,38.22,1919406
SWIR-LOC-1344,21.757808,80.127104,0.677,0.743,20.7,288.6,39.08,1803152
SWIR-LOC-1345,21.668693,80.173454,0.454,0.465,22.0,224.3,36.42,1799643
SWIR-LOC-1346,21.807042,80.139228,0.733,0.308,69.8,186.8,43.75,2040333
SWIR-LOC-1347,21.655698,80.088599,0.873,0.808,51.5,75.5,43.87,1991975
SWIR-LOC-1348,21.930865,80.221425,0.761,0.826,28.7,209.7,41.65,2073869
SWIR-LOC-1349,21.740312,80.26697,0.474,0.553,88.3,231.5,38.36,1874088
SWIR-LOC-1350,21.768127,80.064559,0.58,0.589,33.6,85.2,41.29,2029986
SWIR-LOC-1351,21.772996,80.146912,0.694,0.67,63.2,313.0,40.31,1857157
SWIR-LOC-1352,21.689991,80.249675,0.588,0.207,66.8,294.8,39.65,1929021
SWIR-LOC-1353,21.889001,80.215321,0.642,0.561,77.9,188.0,42.5,2030077
SWIR-LOC-1354,21.727477,80.093599,0.33,0.255,51.8,275.5,34.27,1683945
SWIR-LOC-1355,21.852691,80.08054,0.517,0.722,81.5,50.4,43.59,2118909
SWIR-LOC-1356,21.874596,80.207597,0.805,0.695,79.4,230.8,45.34,2216858
SWIR-LOC-1357,21.753956,80.109087,0.698,0.604,74.8,169.2,43.3,2147028
SWIR-LOC-1358,21.939841,80.231446,0.51,0.513,8.7,206.5,39.37,1926435
SWIR-LOC-1359,21.902648,80.32998,0.232,0.74,5.0,236.9,32.72,1646270
SWIR-LOC-1360,21.850473,80.216224,0.641,0.464,62.5,235.1,40.75,1907648
SWIR-LOC-1361,21.936279,80.187224,0.221,0.554,66.0,118.4,36.64,1844741
SWIR-LOC-1362,21.677282,80.075428,0.79,0.59,99.7,254.1,43.88,2168205
SWIR-LOC-1363,21.763985,80.037186,0.577,0.251,131.4,167.6,44.95,2193708
SWIR-LOC-1364,21.905296,80.26361,0.328,0.76,84.9,53.0,40.98,2024885
SWIR-LOC-1365,21.867735,80.072628,0.551,0.296,64.8,45.0,41.37,1959531
SWIR-LOC-1366,21.659357,80.090225,0.444,0.311,10.2,216.1,35.5,1739186
SWIR-LOC-1367,21.834881,80.221637,0.509,0.203,-8.5,270.9,35.56,1796992
SWIR-LOC-1368,21.719724,80.099122,0.749,0.589,139.0,199.1,45.94,2202303
SWIR-LOC-1369,21.715082,80.212792,0.4,0.343,78.6,232.7,36.6,1823181
SWIR-LOC-1370,21.90234,80.098154,0.722,0.754,121.2,126.9,46.68,2152401
SWIR-LOC-1371,21.726472,80.207003,0.394,0.567,42.7,130.5,39.21,1923097
SWIR-LOC-1372,21.930836,80.041576,0.407,0.831,85.6,280.9,36.57,1768186
SWIR-LOC-1373,21.71243,80.255567,0.22,0.293,25.9,190.0,34.3,1594568
SWIR-LOC-1374,21.939108,80.32814,0.34,0.47,69.6,149.4,39.28,1804298
SWIR-LOC-1375,21.697557,80.265902,0.766,0.269,65.9,200.4,43.2,2032271
SWIR-LOC-1376,21.7908,80.1416,0.224,0.246,53.1,224.4,31.09,1574240
SWIR-LOC-1377,21.652253,80.092071,0.325,0.591,81.4,102.7,36.83,1711235
SWIR-LOC-1378,21.782054,80.146872,0.313,0.656,100.7,103.5,38.69,1823746
SWIR-LOC-1379,21.75801,80.045399,0.552,0.764,64.4,215.1,39.68,1926596
SWIR-LOC-1380,21.920639,80.210609,0.307,0.402,61.2,44.7,36.72,1764114
SWIR-LOC-1381,21.72668,80.071993,0.448,0.32,61.9,127.6,41.38,1911565
SWIR-LOC-1382,21.864972,80.243496,0.503,0.19,-1.7,81.2,36.05,1745475
SWIR-LOC-1383,21.710038,80.156988,0.795,0.475,-43.5,307.8,36.52,1682797
SWIR-LOC-1384,21.777366,80.14406,0.338,0.246,43.6,145.1,36.99,1840311
SWIR-LOC-1385,21.697278,80.301542,0.76,0.718,46.1,145.1,42.87,2106517
SWIR-LOC-1386,21.667669,80.243222,0.349,0.183,22.9,105.0,35.77,1769323
SWIR-LOC-1387,21.851287,80.110047,0.878,0.816,58.1,50.7,47.85,2287843
SWIR-LOC-1388,21.894234,80.053226,0.838,0.361,84.8,135.8,46.33,2149904
SWIR-LOC-1389,21.874375,80.125229,0.278,0.68,48.4,250.5,35.31,1783416
SWIR-LOC-1390,21.945125,80.101062,0.284,0.554,32.8,206.3,34.14,1690055
SWIR-LOC-1391,21.831822,80.078829,0.785,0.547,122.4,175.2,44.0,2077372
SWIR-LOC-1392,21.788909,80.250404,0.378,0.378,83.0,186.2,37.85,1771481
SWIR-LOC-1393,21.736126,80.236124,0.688,0.482,92.0,163.1,43.86,2140518
SWIR-LOC-1394,21.832246,80.266652,0.263,0.738,17.7,287.3,36.3,1780003
SWIR-LOC-1395,21.704335,80.064489,0.697,0.522,86.6,223.1,43.48,2085685
SWIR-LOC-1396,21.674901,80.057953,0.226,0.288,41.5,264.5,32.53,1641579
SWIR-LOC-1397,21.923193,80.320673,0.226,0.705,112.6,289.7,36.52,1842213
SWIR-LOC-1398,21.839326,80.299342,0.461,0.422,71.5,56.7,41.38,2023202
SWIR-LOC-1399,21.663237,80.090474,0.393,0.489,88.5,258.3,36.78,1724896
